<?xml version="1.0" encoding="utf-8"?>
<BitComet Author="RnySmile" Version="0.612">
	<Favourite>
		<ChatRooms expend="true" icon="14" display="ห้องสนทนา" infotip="ค้นหาห้องสนทนา...">
			<Mirror type="torrent_url" value="http://www.bitcomet.com/chatrooms/bitcomet_zh_cn.torrent" display="ห้องสนทนา (ทดสอบ)" infotip="พูดคุยเกี่ยวกับ BitComet ^_^"/>
		</ChatRooms>
		<WebSite expend="true" display="เว็บไซต์ Torrent" infotip="เลือกดูเว็บไซต์ที่เก็บไว้...">
			<suprnova type="url" value="http://www.suprnova.org/" display="Suprnova.org" infotip="An awesome site with plenty of new .torrents being added every day."/>
			<voracity type="url" value="http://voracity.net/" display="voracity.net" infotip="an insatiable appetite for an activity or pursuit"/>
			<animesuki type="url" value="http://www.animesuki.com/" display="AnimeSuki.com" infotip="BitTorrent @ AnimeSuki.com"/>
			<bytemonsoon type="url" value="http://www.bytemonsoon.net/" display="Bytemonsoon.net" infotip="Another good site that posts all of their .torrents to a forum style board"/>
			<torrentskickass type="url" value="http://www.torrentskickass.com/" display="torrentskickass.com" infotip="torrentskickass.com"/>
			<torrentreactor type="url" value="http://torrentreactor.com/" display="torrentreactor.com" infotip="torrentreactor.com"/>
			<thdawn type="url" value="http://bittorrent.7thdawn.net/" display="bittorrent.7thdawn.net" infotip="Another forum style distribution site."/>
			<torrentreactor type="url" value="http://torrentreactor.com/" display="torrentreactor.com" infotip="torrentreactor.com"/>
			<Sharelive type="url" value="http://www5.sharelive.com/" display="www5.sharelive.com" infotip="requires registration to use"/>
			<hawkies-world type="url" value="http://www.forum2.hawkies-world.com/" display="Hawkie World" infotip="requires registration to use"/>
			<phoenix-torrents type="url" value="http://www.phoenix-torrents.com/" display="phoenix-torrents" infotip="requires registration to use"/>
			<isohunt.com type="url" value="http://isohunt.com/" display="isohunt.com" infotip="isohunt.com..."/>
		</WebSite>
		<WebSiteThai expend="true" display="เว็บไซต์ Torrent (ไทย)" infotip="เลือกดูเว็บไซต์ภาษาไทยที่เก็บไว้...">
			<thbt_forum type="url" value="http://www.nininunu.com/bt/phpBB2/index.php" display="เว็บบอร์ด ThaiBittorrent แหล่งชุนนุมของชาว BT" infotip="เว็บบอร์ดสำหรับพูดคุยเรื่องราวเกี่ยวกับ Bittorrent (ต้องสมัครใช้งานก่อน)"/>
			<thbt_tracker type="url" value="http://th-torrent.mine.nu/" display="หน้าหลัก Tracker ThaiBittorrent" infotip="หน้าหลักของ Tracker เก็บไฟล์ Bittorrent (ต้องสมัครใช้งานก่อน)"/>
			<thbt_forum_regis type="url" value="http://www.nininunu.com/bt/phpBB2/profile.php?mode=register" display="สมัครใช้งานเว็บบอร์ด ThaiBittorrent" infotip="สมัครใช้งานเว็บบอร์ด Tracker Thai Bittorrent"/>
			<thbt_tracker_regis type="url" value="http://th-torrent.mine.nu/signup.php" display="สมัครใช้งาน Tracker ThaiBittorrent" infotip="สมัครใช้งาน Tracker ThaiBittorrent"/>
		</WebSiteThai>
		<SearchEngine expend="true" display="ค้นหาเว็บไซต์ Torrent" infotip="ค้นหาเว็บไซต์ Torrent อื่นๆ...">
			<torrentlinks type="url" value="http://www.torrentlinks.com/" display="torrentlinks.com" infotip="ค้นหาเว็บไซต์ Torrent อื่นๆ..."/>
			<n4p type="url" value="http://www.n4p.com/" display="www.n4p.com" infotip="ค้นหาไฟล์ Torrent..."/>
		</SearchEngine>
		<GeneralSite expend="true" display="เว็บไซต์ P2P" infotip="เว็บไซต์ P2P ทั่วไป...">
			<Slyck type="url" value="http://www.slyck.com/" display="Slyck" infotip="Slyck - File Sharing News and Info"/>
		</GeneralSite>
		<HomePage expend="true" type="url" value="http://www.bitcomet.com/" display="หน้าหลัก BitComet" infotip="อัพเดท, ช่วยเหลือ, แนะนำ BitComet...">
			<BitCometHomePage type="url" value="http://www.bitcomet.com/" display="หน้าหลัก BitComet" />
			<BitCometForums type="url" value="http://www.p2pforums.com/viewforum.php?c=10" display="กระทู้ BitComet" />
		</HomePage>
	</Favourite>
</BitComet>

