<?xml version="1.0" encoding="utf-8"?>
<BitComet Author="RnySmile" Version="0.1">
	<Favourite>
		<WebSite expend="true" display="Llocs Torrent" infotip="Adreces de llocs Web...">
			<ElMejorWarez type="url" value="http://www.emwreloaded.com/" display="EMWRealoaded.com" infotip="Pàgina remodelada de l'extraordinaria pàgina El Mejor Warez [Castella]"/>
			<FullTorrents type="url" value="http://www.full-torrents.com/" display="Full Torrents.com" infotip="Full Torrents [Castella]"/>
			<ZonaDivX type="url" value="http://www.zonadivx.com/" display="ZonaDivX.com" infotip="ZonaDivX [Castella]"/>
			<LimiteDivX type="url" value="http://www.limitedivx.com/" display="LimiteDivX.com" infotip="Lloc caracteritzat per torrents de video [Castella]"/>
			<Port2060 type="url" value="http://www.port2060.com" display="Port2060.com" infotip="Port2060 [Castellà]"/>
			<AdictoBT type="url" value="http://www.adictobt.dynu.com/" display="AdictoBT.com" infotip="AdictoBT [Castellà]"/>
			<Torrentz type="url" value="http://defiant.ws/" display="Defiant.ws" infotip="Defiant [Anglès]"/>
			<torrentbits type="url" value="http://www.torrentbits.org/browse.php" display="TorrentBits" infotip="El lloc on més comparteixes i més aconsegeixes [Anglès]"/>
			<animesuki type="url" value="http://www.animesuki.com/" display="AnimeSuki.com" infotip="BitTorrent @ AnimeSuki.com [Anglès]"/>
            <mininova type="url" value="http://www.mininova.org" display="Mininova" infotip="El lloc on vindre per torrents tots els dies [Anglès]" />
            <torrentportal type="url" value="http://www.torrentportal.com/" display="TorrentPortal" infotip="Un gran portal amb moltes pujades [Anglès]" />
            <thepiratebay type="url" value="http://www.thepiratebay.org/" display="ThePirateBay" infotip="El Tracker més gran de Suïssa [Anglès]"/>
		</WebSite>
		<SearchEngine expend="true" display="Cercadors Torrent" infotip="Troba altres llocs torrent...">
			<BTbot type="url" value="http://www.btbot.com/" display="BTbot" infotip="Cercador de Torrents molt interesant [Anglès]"/>
			<Btsites type="url" value="http://www.btsites.tk/" display="Btsites.tk" infotip="Btsites [Anglès]"/>
            <torrents type="url" value="http://www.2torrents.com" display="2Torrents" infotip="Lloc amb Torrents nous cada dia. [Anglès]" />
            <isohunt type="url" value="http://www.isohunt.com/js/redir/BitComet.php" display="isoHunt" infotip="Gran Cercador per a qualssevol tipus de Torrent [Anglès]" />
		</SearchEngine>
        <GeneralSite expend="true" display="Llocs Generals de P2P" infotip="Llocs Generals de P2P...">
            <slyck type="url" value="http://www.slyck.com/" display="Slyck" infotip="Slyck - Noticies i Informacio per a compartir fitxers [Anglès]" />
            <youceff type="url" value="http://www.youceff.com/" display="Youceff" infotip="Comunitat dedicada als torrents [Anglès]" />
            <faq type="url" value="http://www.dessent.net/btfaq/" display="BittorrentFAQ" infotip="Aprèn tot el que et cal per ser un mestre en Torrents [Anglès]" />
        </GeneralSite>
		<HomePage expend="true" type="url" value="http://www.bitcomet.com/" display="Pàgina Oficial de Bitcomet" infotip="Actualitzacions, Eines, Suport de Bitcomet...">
			<BitCometHomePage type="url" value="http://www.bitcomet.com/" display="Pàgina Principal" />
			<BitCometForums type="url" value="http://bitcomet.p2pforums.com" display="Fòrums" />
		</HomePage>
	</Favourite>
</BitComet>
