<?xml version="1.0" encoding="utf-8"?>
<BitComet Author="RnySmile" Version="0.1">
	<Favourite>
		<WebSite expend="true" display="Llocs Torrent" infotip="Adreces de llocs Web...">
			<ElMejorWarez type="url" value="http://www.emwreloaded.com/" display="EMWRealoaded.com" infotip="Pàgina remodelada de l'extraordinaria pàgina El Mejor Warez [Castella]"/>
			<Port2060 type="url" value="http://www.port2060.com" display="Port2060.com" infotip="Port2060 [Castellà]"/>
            <torrents type="url" value="http://www.torrentspy.com" display="TorrentSpy" infotip="The Largest BitTorrent Search Engine" />
            <torrents type="url" value="http://www.isohunt.com/js/redir/BitComet.php" display="isoHunt" infotip="big search engine for any type of torrent" />
            <torrents type="url" value="http://www.torrentportal.com/" display="TorrentPortal" infotip="A great portal with alot of dedicated uploaders" />
		    <torrents type="url" value="http://www.mybittorrent.com" display="MyBitTorrent" infotip="MyBitTorrent" />
            <torrents type="url" value="http://www.seedler.org" display="seedler" infotip="seedler" />
			<torrents type="url" value="http://www.fulldls.com" display="fulldls" infotip="Your Source For Daily Torrent Downloads" />
            <torrents type="url" value="http://www.zoozle.org" display="zoozle" infotip="big search engine for any type of torrent" />
            <torrents type="url" value="http://www.bitenova.org" display="bitenova" infotip="bitenova" />
            <torrents type="url" value="http://www.mininova.org" display="Mininova" infotip="the place to come for torrents everyday" />
            <torrents type="url" value="http://www.torrentat.uni.cc" display="torrentat" infotip="arabic public tracker" />
		</WebSite>
		<HomePage expend="true" type="url" value="http://www.bitcomet.com/" display="Pàgina Oficial de Bitcomet" infotip="Actualitzacions, Eines, Suport de Bitcomet...">
			<BitCometHomePage type="url" value="http://www.bitcomet.com/" display="Pàgina Principal" />
			<BitCometForums type="url" value="http://bitcomet.p2pforums.com" display="Fòrums" />
		</HomePage>
	</Favourite>
</BitComet>
