<?xml version="1.0" encoding="utf-8"?>
<BitComet Author="RnySmile" Version="0.1">
	<Favourite>
		<WebSite expend="true" display="Torrent发布站点" infotip="浏览国内BT站点...">
			<BTChina type="url" value="http://www.btchina.net/" display="BT @ China" infotip="BT @ China 联盟发布页"/>
			<TLF type="url" value="http://bt.eastgame.net/" display="BitTorrent @ TLF" infotip="BT @ TLF 发布页"/>
			<GameSirHell type="url" value="http://bt.gamesir.com/" display="GameSir ; HELL" infotip="=GameSir= －=HELL=－ 游戏动漫联合BitTorrent发布页"/>
			<GreedLand type="url" value="http://bt.greedland.net/" display="贪婪大陆" infotip="动漫下载宝地"/>
			<imagegarden type="url" value="http://www.imagegarden.net/bt/" display="伊美姬网怡红快绿" infotip="下载音乐的绝好的地方，以APE为主"/>
			<ydy type="url" value="http://bt.ydy.com/" display="伊甸园BT;字幕下载区" infotip="伊甸园BT;字幕下载区"/>
			<cnxp type="url" value="http://bt2.cnxp.com/" display="影视帝国影视发布页" infotip="影视帝国影视发布页"/>
			<zingking type="url" value="http://bt.zingking.com/" display="影音休闲中心" infotip=""/>
			<ktxp type="url" value="http://bt.ktxp.com/" display="极影动漫BT" infotip="-=极影动漫BT=- 最新动漫下载"/>
			<bestgame type="url" value="http://bt.bestmovie.cn/" display="顶好影线" infotip="顶好影线"/>
            <icefish type="url" value="http://bt.icefish.org/" display="冰鱼发布页" infotip="冰鱼发布页"/>
			<bt type="url" value="http://www.58bt.com/fd.asp" display="BT网站大全" infotip="BT网站大全"/>
		</WebSite>
		<Links expend="true" display="优惠活动" infotip="优惠活动...">
			<c type="url" value="http://adfarm.mediaplex.com/ad/ck/4080-23171-9517-75?cn=song;text1;hp;mpro=http://cgi4.ebay.com.cn/ws/eBayISAPI.dll?RegisterEnterInfo&amp;siteid=223&amp;co_partnerid=2&amp;usage=0&amp;ru=default" display="免费注册" infotip="免费注册"/>
			<c type="url" value="http://go.bitcomet.net/redirect/ads/?http://l.tom.com/c/bit/ent/t01/ent/?http://ent.tom.com/hero/index.html" display="四大花旦你来钦点" infotip="四大花旦你来钦点"/>
			<c type="url" value="http://go.bitcomet.net/redirect/ads/?www.mstyle.cn/stat/stat10.jsp" display="个人手机彩信杂志" infotip="个人手机彩信杂志"/>
			<c type="url" value="http://go.bitcomet.net/redirect/ads/?http://www.world2.com.cn/jsp/ad/link.jsp?adname=Btcometkhdwzlbc" display="《完美》水木校园行" infotip="《完美》水木校园行"/>
			<c type="url" value="http://adfarm.mediaplex.com/ad/ck/4080-23171-9517-75?cn=song;text1;hp;mpro=http://pages.ebay.com.cn/im/landing/1yuan/1yuan.html" display="人气商品统统1元" infotip="人气商品统统1元"/>
		</Links>
		<ForumSite expend="false" display="相关论坛" infotip="一些BT相关的论坛链接...">
			<cnxp type="url" value="http://bbs.cnxp.com/" display="影视帝国" infotip=""/>
			<cnxp type="url" value="http://bbs.btbbt.com/" display="BT之家" infotip=""/>
			<cnxp type="url" value="http://www.bt800.com/bbs/" display="简约论坛" infotip=""/>
			<cnxp type="url" value="http://www.cn5566.com/" display="丽影论坛" infotip=""/>
			<cnxp type="url" value="http://www.cqbbs.net/" display="春秋影视论坛" infotip=""/>
			<cnxp type="url" value="http://www.manfen.net/forum/forumdisplay.php?forumid=815" display="满分网学习考试BT" infotip=""/>
			<cnxp type="url" value="http://bbs.pc91.net" display="天使影视" infotip=""/>
			<cnxp type="url" value="http://www.100kan.com" display="百看娱乐网" infotip=""/>
			<ktxp type="url" value="http://bbs.ktxp.com" display="极影论坛" infotip="-=极影论坛=- 提供最新的动漫咨询,下载"/>
			<ktxp type="url" value="http://www.eastgame.net/" display="TLF论坛" infotip="TLF论坛"/>
			<bt52 type="url" value="http://www.52bt.net" display="更多精彩网址" infotip=""/>
		</ForumSite>
		<HomePage type="url" icon="4" value="http://www.bitcomet.com/index-zh.htm" display="BitComet软件主页" infotip="BitComet更新、支持...">
			<BitCometHomePage type="url" value="http://www.bitcomet.com/index-zh.htm" display="BitComet官方主页" infotip="浏览BitComet官方主页"/>
			<BitCometSupport type="url" value="http://bbs.btchina.net/forumdisplay.php?s=&amp;forumid=82" display="BitComet技术支持论坛" infotip="BitComet技术支持中文论坛（作者没有支持义务，但欢迎大家讨论）"/>
		</HomePage>
	</Favourite>
</BitComet>
