<?xml version="1.0" encoding="utf-8"?>
<BitComet Author="RnySmile" Version="0.1">
    <Favourite>
        <WebSite expend="true" display="Torrentu Lapas" infotip="Dažādas torrentu lapas...">
            <torrents type="url" value="http://ihack.lv" display="IHACK.LV" infotip="Labākais un lielākais torrentu saits Latvijā" />
            <torrents type="url" value="http://go.bitcomet.net/redirect/en/?http://www.torrentspy.com" display="TorrentSpy.com" infotip="TorrentSpy.com" />
            <torrents type="url" value="http://go.bitcomet.net/redirect/en/?http://www.mybittorrent.com" display="MyBitTorrent" infotip="MyBitTorrent" />
            <torrents type="url" value="http://go.bitcomet.net/redirect/en/?http://www.torrentportal.com/" display="TorrentPortal" infotip="Lielisks portāls ar daudz augšuplādētājiem" />
            <torrents type="url" value="http://go.bitcomet.net/redirect/en/?http://www.torrentbox.com" display="TorrentBox" infotip="TorrentBox" />
            <torrents type="url" value="http://go.bitcomet.net/redirect/en/?http://www.novatina.com" display="NovaTina" infotip="NovaTina" />
            <torrents type="url" value="http://go.bitcomet.net/redirect/en/?http://www.thepiratebay.org/" display="ThePirateBay" infotip="Lielākais Trakeris Zviedrijā" />
            <torrents type="url" value="http://go.bitcomet.net/redirect/en/?http://torrentreactor.net" display="TorrentReactor" infotip="TorrentReactor" />
            <torrents type="url" value="http://go.bitcomet.net/redirect/en/?http://www.mininova.org" display="Mininova" infotip="vieta, kur pēc torrentiem var nākt katru dienu" />
            <torrents type="url" value="http://go.bitcomet.net/redirect/en/?http://www.isohunt.com/js/redir/BitComet.php" display="isoHunt" infotip="liels meklēšanas dzinis, kur var sameklēt dažādus torrentus" />
            <torrents type="url" value="http://go.bitcomet.net/redirect/en/?http://www.filesoup.com" display="FileSoup" infotip="FileSoup" />
			<torrents type="url" value="http://go.bitcomet.net/redirect/en/?http://www.animesuki.com/" display="AnimeSuki.com" infotip="BitTorrent @ AnimeSuki.com"/>
            <torrents type="url" value="http://go.bitcomet.net/redirect/en/?http://www.2torrents.com" display="2Torrents" infotip="Lieliska lapa, kur jauni .torrent tiek pievienoti katru dienu." />
        </WebSite>
        <GeneralSite expend="true" display="P2P galvenās Lapas" infotip="P2P Galvenās Lapas...">
            <slyck type="url" value="http://go.bitcomet.net/redirect/en/?http://www.slyck.com/" display="Slyck" infotip="Slyck - Failu Šāres Ziņas un Info" />
            <youceff type="url" value="http://go.bitcomet.net/redirect/en/?http://www.youceff.com/" display="Youceff" infotip="Sabiedrība, specializējusies uz torrentiem" />
            <faq type="url" value="http://go.bitcomet.net/redirect/en/?http://www.dessent.net/btfaq/" display="Bittorrent BUJ" infotip="Iemācies visu, ko vajag zināt par Bittorrent" />
        </GeneralSite>
        <HomePage expend="true" type="url" value="http://www.bitcomet.com/" display="BitComet Mājas Lapa" infotip="BitComet Updeitu, palīdzība...">
            <BitCometHomePage type="url" value="http://www.bitcomet.com/" display="BitComet Mājas lapa" />
            <BitCometForums type="url" value="http://bitcomet.p2pforums.com" display="BitComet Forums" />
        </HomePage>
    </Favourite>
</BitComet>