<?xml version="1.0" encoding="utf-8"?>
<BitComet Author="X-Ray" Version="0.1">
	<Favourite>
		<WebSitebig5 expend="true" display="繁體 Torrent 資源發佈網站" infotip="瀏覽各大繁體 BT 網站...">
			<p2pzone type="url" value="http://forum.p2pzone.org/" display="P2PZone/HK@P2P-Forum" infotip="P2PZone/HK@P2P-Forum"/>
			<plusbb type="url" value="http://www.plusbb.com/" display="PlusBB" infotip="BT專業論壇"/>
		</WebSitebig5>
		<Links expend="true" display="網頁遊戲" infotip="無需下載，點擊即玩">
			<c type="url" value="http://tf.txwy.tw/?bcl" display="機器人大戰" infotip="首款RPG風格的策略戰爭網頁遊戲"/>
			<c type="url" value="http://ww2.txwy.tw/?bcl" display="二戰總動員" infotip="無需下載，點擊即玩"/>
			<c type="url" value="http://m.txwy.tw/?bcl" display="天魔録" infotip="無需下載，點擊即玩"/>
			<c type="url" value="http://ao.txwy.tw/?bcl" display="傲仙" infotip="無需下載，點擊即玩"/>
			<c type="url" value="http://long.txwy.tw/?bcl" display="龍之契約" infotip="無需下載，點擊即玩"/>
		</Links>
	</Favourite>
	<Filter>
		<item>mdbchina.com/</item>
		<item>bitcomet.com/</item>
	</Filter>
	<DownloadMenu>
		<DownloadSoft MenuType="POPUP" display="工具(&amp;T)">
			<LinkPage ActionType="check_software_update" Parameter="" display="檢測熱門軟體更新"/>
			<LinkPage ActionType="emule_plugin" Parameter="show" display="顯示電驢插件"/>
			<SEPARATOR/>
			<LinkPage ActionType="download" Parameter="bc://http/QUEvYml0Y29tZXRfcGx1Z2luX3NldHVwLmV4ZS8/dXJsPWh0dHAlM0ElMkYlMkZjbi5iaXRjb21ldC5jb20lMkZiaXRjb21ldCUyRmJpdGNvbWV0X3BsdWdpbl9zZXR1cC5leGUmZXhlYz1iaXRjb21ldF9wbHVnaW5fc2V0dXAuZXhlWlo=" display="下載電驢插件"/>
			<LinkPage ActionType="dl_mpcstar" display="下載影音之星"/>
		</DownloadSoft>
	</DownloadMenu>
	<SearchLeft>
		<s title="彗星地帶影視" link="http://www.didai.com" html="http://m.didai.com/search.aspx?q=${QUERY}" />
		<s title="BTCHINA" link="http://www.btchina.com" html="http://search1.btchina.net/btsearch.php?client=bitcomet&amp;query=${QUERYANSI}" />
		<s title="中國影視庫" link="http://so.mdbchina.com/" html="http://search.mdbchina.com/query/${QUERY}" />
	</SearchLeft>
	<SearchToolbar>
		<s title="奇摩" link="http://tw.yahoo.com/" html="http://tw.search.yahoo.com/search?fr=yfp&amp;ei=utf-8&amp;v=0&amp;p=${QUERY}" />
	</SearchToolbar>
</BitComet>
