<?xml version="1.0"?>
<BitComet Author="RnySmile" Version="0.1">
	<Favourite>
		<Item name="Favourite Demo" icon="http://update.bitcomet.com/bitcomet/channel/demo.gif" url="http://update.bitcomet.com/bitcomet/channel/demo_en_us.xml" infotip="Favourite Demo"/>
	</Favourite>
  <!--  Catalog disp_name and infotip translation located in lang_xx_yy.xml -->
    <CatalogRoot catalog_pos="1001" type="catalog" >
        <Movie catalog_pos="1000" display="Movie" infotip="C:\Downloads\Video" type="catalog" value="C:\Downloads\Video"></Movie>
        <Anime catalog_pos="1000" display="Anime" infotip="C:\Downloads\Anime" type="catalog" value="C:\Downloads\Anime"></Anime>
        <Game catalog_pos="1000" display="Game" infotip="C:\Downloads\Game" type="catalog" value="C:\Downloads\Game"></Game>
        <Music catalog_pos="1000" display="Music" infotip="C:\Downloads\Music" type="catalog" value="C:\Downloads\Music"></Music>
        <Software catalog_pos="1000" display="Software" infotip="C:\Downloads\Software" type="catalog" value="C:\Downloads\Software"></Software>
    </CatalogRoot>
</BitComet>
