<?xml version="1.0" encoding="utf-8"?>
<BitComet Author="RnySmile" Version="0.1">
	<Favourite>
		 <video expend="true" display="热门视频网站" infotip="视频网站">
			  <room type="url" value="www.bitcomet.com\client\download-video\flv\flv_6room_zh.html" display="六房间-可下载" infotip="六房间" color="#FF0000"/>
			  <wl type="url" value="www.bitcomet.com\client\download-video\flv\flv_56_zh.html" display="我乐-可下载" infotip="我乐" color="#FF0000"/>
			  <oo type="url" value="www.bitcomet.com\client\download-video\flv\flv_oo_zh.html" display="偶偶娱乐-可下载" infotip="偶偶娱乐" color="#FF0000"/>
			  <tuduo type="url" value="www.bitcomet.com\client\download-video\flv\flv_tudou_zh.html" display="土豆网-可下载" infotip="土豆网" color="#FF0000"/>
		 </video>
		<WebSite expend="false" display="BT发布站点" infotip="浏览国内BT站点...">
			<BTChina type="url" value="http://www.btchina.net/" display="BT @ China" infotip="BT @ China 联盟"/>
			<ezine type="url" value="http://ck.mdbchina.com/ck_stat/ck.php?aid=29&amp;url=http://ezine.bitcomet.com/" display="电子杂志" infotip="BC电子杂志发布页"/>
			<online type="url" value="http://ck.mdbchina.com/ck_stat/ck.php?aid=57&amp;url=http://game.bitcomet.com/" display="网络游戏" infotip="网络游戏相关BT下载集中地"/>
			<TLF type="url" value="http://bt.eastgame.net/" display="TLF" infotip="BT @ TLF 发布页"/>
			<GameSirHell type="url" value="http://bt.gamesir.com/" display="GameSir" infotip="=GameSir= －=HELL=－ 游戏动漫联合BitTorrent发布页"/>
			<GreedLand type="url" value="http://bt.greedland.net/" display="贪婪大陆" infotip="动漫下载宝地"/>
			<Mdbchina type="url" value="http://www.mdbchina.com/" display="中国影视库" infotip="中国影视库"/>
			<imagegarden type="url" value="http://www.imagegarden.net/bt/" display="伊美姬" infotip="下载音乐的绝好的地方，以APE为主"/>
			<ydy type="url" value="http://bt.ydy.com/" display="伊甸园" infotip="伊甸园BT综艺，美剧大集中"/>
			<cnxp type="url" value="http://bt2.cnxp.com/" display="影视帝国" infotip="电影发布页的强者"/>
			<zingking type="url" value="http://bt.zingking.com/" display="影音休闲" infotip=""/>
			<ktxp type="url" value="http://bt.ktxp.com/" display="极影动漫" infotip="-=极影动漫=- 最新动漫下载"/>
			<wang type="url" value="http://bt.ccmove.com/" display="玩转手机" infotip="玩转手机"/>
			<bestgame type="url" value="http://bt.bestmovie.cn/" display="顶好影线" infotip="顶好影线"/>
			<icefish type="url" value="http://bt.icefish.org/" display="冰鱼" infotip="冰鱼发布页"/>
			<bt type="url" value="http://www.17995.com/fd.htm" display="BT网站大全" infotip="BT精采网站"/>
		</WebSite>
		<Item type="xml" value="http://www.85851.com/xml/bt.xml" display="BT论坛地址" infotip="BT论坛大全"/>
		<shouji expend="false" display="手机频道" infotip="手机频道">
			<gsma type="url" value="http://sou.bitcomet.com/" display="手机图铃免费搜索" infotip="手机图铃免费搜索"/>
			<gsmb type="url" value="http://sms.bitcomet.com/down_ring.asp" display="手机铃声" infotip="手机铃声"/>
			<gsmc type="url" value="http://sms.bitcomet.com/down_pic.asp" display="待机图片" infotip="待机图片"/>
			<gsmd type="url" value="http://sms.bitcomet.com/down_book.asp" display="手机电子书" infotip="手机电子书"/>
			<gsme type="url" value="http://sms.bitcomet.com/down_theme.asp" display="手机主题" infotip="手机主题"/>
			<gsmf type="url" value="http://sms.bitcomet.com/down_game.asp" display="手机游戏" infotip="手机游戏"/>
			<gsmg type="url" value="http://sms.bitcomet.com/down_soft.asp" display="手机软件" infotip="手机软件"/>
		</shouji>
		<Gxsp expend="false" type="url" value="http://gx.bitcomet.com/index.htm?bc" display="搞笑与动漫" infotip="国内外搞笑视频与动漫大集中">
		  <guowai type="url" value="http://gx.bitcomet.com/class/2_1.htm?bc" display="搞笑视频" infotip="搞笑视频"/>
		  <guonei type="url" value="http://gx.bitcomet.com/class/3_1.htm?bc" display="搞笑图片" infotip="搞笑图片"/>
		  <Flash type="url" value="http://gx.bitcomet.com/class/4_1.htm?bc" display="搞笑Flash" infotip="搞笑Flash"/>
		  <comic type="url" value="http://gx.bitcomet.com/class/23_1.htm?bc" display="幽默笑话" infotip="幽默笑话"/>
		  <comic type="url" value="http://gx.bitcomet.com/ddt.asp?bc" display="在线自拍大头贴" infotip="在线自拍大头贴"/>
		  <zxmh type="url" value="http://ck.85851.com/ck_stat/ck.php?aid=19&amp;url=http://comic.mdbchina.com" display="在线漫画" infotip="在线漫画"/>
		  <dmyy type="url" value="http://myyy.85851.com/" display="动漫音乐" infotip="动漫音乐"/>
		  <dmqy type="url" value="http://dmqy.85851.com/" display="动漫新闻" infotip="动漫新闻"/>
		</Gxsp>
		<Games expend="false" type="url" value="http://my.mdbchina.com/flash/?bc"  display="小游戏" infotip="精选小游戏"> 
		  <mj type="url" value="http://my.mdbchina.com/flash/Class7?bc" display="敏捷类" infotip="敏捷类"/>
		  <cl type="url" value="http://my.mdbchina.com/flash/Class5?bc" display="策略类" infotip="策略类"/>
		  <ty type="url" value="http://my.mdbchina.com/flash/Class8?bc" display="体育类" infotip="体育类"/>
		  <yz type="url" value="http://my.mdbchina.com/flash/Class10?bc" display="益智类" infotip="益智类"/>
		  <xs type="url" value="http://my.mdbchina.com/flash/Class9?bc" display="休闲类" infotip="休闲类"/>
		  <et type="url" value="http://my.mdbchina.com/flash/Class6?bc" display="儿童类" infotip="儿童类"/>
		  <zz type="url" value="http://my.mdbchina.com/flash/Class11?bc" display="战争类" infotip="战争类"/>
		  <zj type="url" value="http://my.mdbchina.com/flash/Class12?bc" display="专辑类" infotip="专辑类"/>
		  <hz type="url" value="http://my.mdbchina.com/flash/Class73?bc" display="化妆类" infotip="化妆类"/>
		  <bs type="url" value="http://flash.bitcomet.com/class/140_1.htm?bc" display="比赛类" infotip="比赛类"/>
		</Games>
		<Links expend="true" display="优惠活动" infotip="优惠活动...">
			<c type="url" value="http://my.mdbchina.com/users/userhome.aspx?bcg" display="中国影视库交友中心" infotip="中国影视库交友中心"/>
			<c type="url" value="http://my.mdbchina.com/Media/headpic/?bcg" display="免费在线拍大头贴" infotip="免费在线拍大头贴"/>
			<c type="url" value="http://my.mdbchina.com/flash/Class80?bcwz" display="韩国美女换衣小游戏" infotip="韩国美女换衣小游戏"/>
			<c type="url" value="http://my.mdbchina.com/World/?bcg" display="同城交友" infotip="同城交友"/>
			<c type="url" value="http://comic.mdbchina.com/?bcg" display="日本漫画在线观看" infotip="日本漫画在线观看"/>
			<c type="url" value="http://my.mdbchina.com/media/video/search.aspx?kw=%C3%C0%C5%AE&amp;cm=bcg" display="看美女自拍小视频" infotip="看美女自拍小视频"/>
		 </Links>
		<HomePage type="url" value="http://www.bitcomet.com/index-zh.htm" display="频道相关内容" infotip="频道以及BitComet更新、支持...">
			<BitCometHomePage type="url" value="http://bbs.bitcomet.com/forumdisplay.php?fid=8" display="频道内容意见和建议区" infotip="感谢你的意见以及支持"/>
			<BitCometHomePage type="url" value="http://bbs.bitcomet.com/forumdisplay.php?fid=4" display="搞笑视频建议区" infotip="感谢你的意见以及支持"/>
			<BitCometHomePage type="url" value="http://bbs.bitcomet.com/forumdisplay.php?fid=5" display="小游戏建议区" infotip="感谢你的意见以及支持"/>
			<BitCometHomePage type="url" value="http://bbs.bitcomet.com/forumdisplay.php?fid=6" display="动漫频道建议区" infotip="感谢你的意见以及支持"/>
			<BitCometHomePage type="url" value="http://bbs.bitcomet.com/forumdisplay.php?fid=3" display="网络游戏建议区" infotip="感谢你的意见以及支持"/>
			<BitCometHomePage type="url" value="http://www.bitcomet.com/index-zh.htm" display="BitComet软件主页" infotip="浏览BitComet软件官方主页"/>
			<BitCometSupport type="url" value="http://bbs.bitcomet.com/" display="BitComet软件论坛" infotip="BitComet软件中文论坛"/>
		</HomePage>
	</Favourite>
	<Filter>
		<item>mdbchina.com</item>
		<item>bitcomet.com</item>
	</Filter>
	<CometZoneMenu>
		<SEPARATOR/>
		<Users MenuType="POPUP" display="我的管理中心">
			<LinkPage ActionType="link" Parameter="http://my.mdbchina.com/Message/RecMessage.aspx?menu" display="我的消息"/>
			<LinkPage ActionType="link" Parameter="http://my.mdbchina.com/UserInfo.aspx?menu" display="修改资料"/>
			<LinkPage ActionType="link" Parameter="http://my.mdbchina.com/Groups/Friend/?menu" display="我的好友"/>
			<LinkPage ActionType="link" Parameter="http://my.mdbchina.com/Groups/Apply.aspx?menu" display="申请小组"/>
		</Users>
		<LinkPage ActionType="link" Parameter="http://my.mdbchina.com/Users/${USER_ID}/?menu" display="我的个人主页"/>
		<LinkPage ActionType="link" Parameter="http://my.mdbchina.com/Media/Picture/myAlbums.aspx?menu" display="我的相册"/>
		<LinkPage ActionType="link" Parameter="http://my.mdbchina.com/Media/HeadPic/myHeadPic.aspx?menu" display="我的大头贴"/>
		<LinkPage ActionType="link" Parameter="http://my.mdbchina.com/Media/Video/myVideo.aspx?menu" display="我的视频"/>
		<SEPARATOR/>
		<LinkPage ActionType="link" Parameter="http://my.mdbchina.com/Media/HeadPic/ddt.aspx?menu" display="拍摄大头贴"/>
		<LinkPage ActionType="link" Parameter="http://my.mdbchina.com/Media/Picture/add.aspx?menu" display="上传照片"/>
		<LinkPage ActionType="link" Parameter="http://my.mdbchina.com/Media/Video/add.aspx?menu" display="上传视频"/>
	</CometZoneMenu>
	<MovieLibMenu>
		<ChinaMovie MenuType="POPUP" display="中国影视库(&amp;M)">
			<LinkPage ActionType="link" Parameter="http://www.mdbchina.com/?menu" display="影视库首页"/>
			<LinkPage ActionType="link" Parameter="http://www.mdbchina.com/webdata/recnew/rec_1.html?menu" display="最新推荐电影"/>
			<LinkPage ActionType="link" Parameter="http://www.mdbchina.com/webdata/recnew/new_1.html?menu" display="最新热门电影"/>
			<LinkPage ActionType="link" Parameter="http://www.mdbchina.com/sections/years/?menu" display="电影百年"/>
			<LinkPage ActionType="link" Parameter="http://www.mdbchina.com/sections/stars/?menu" display="百年影人"/>
			<LinkPage ActionType="link" Parameter="http://www.mdbchina.com/sections/trailers/?menu" display="电影预告片"/>
			<LinkPage ActionType="link" Parameter="http://www.mdbchina.com/displayFYB.html?menu" display="搜索风云榜"/>
			<LinkPage ActionType="link" Parameter="http://www.mdbchina.com/webdata/phbother/phbother10_1.html?menu" display="影视排行榜"/>
			<SEPARATOR/>
			<LinkPage ActionType="link" Parameter="http://my.mdbchina.com/?menu" display="我的影社"/>
			<LinkPage ActionType="link" Parameter="http://my.mdbchina.com/Community/?menu" display="影视讨论小组"/>
			<LinkPage ActionType="link" Parameter="http://my.mdbchina.com/World/?menu" display="影视同城交友"/>
			<LinkPage ActionType="link" Parameter="http://my.mdbchina.com/Media/Video/?menu" display="在线影视片段"/>
			<LinkPage ActionType="link" Parameter="http://my.mdbchina.com/users/userhome.aspx?menu" display="影友相册"/>
			<LinkPage ActionType="link" Parameter="http://my.mdbchina.com/Media/headpic/?menu" display="影友大头贴"/>
			<LinkPage ActionType="link" Parameter="http://my.mdbchina.com/flash/?menu" display="休闲小游戏"/>
			<LinkPage ActionType="link" Parameter="http://comic.mdbchina.com/?menu" display="在线漫画"/>
		</ChinaMovie>
	</MovieLibMenu>
</BitComet>
