<?xml version="1.0" encoding="ISO-8859-1"?>
<BitComet Author="RnySmile" Translator="Verdict" Version="0.3">
	<Favourite>
		<WebSite expend="true" display="Torrent-sivustoja" infotip="Torrent-sivustoja...">
			<torrentskickass type="url" value="http://www.torrentskickass.com/" display="TorrentsKickAss" />
			<torrents type="url" value="http://www.torrentspy.com" display="TorrentSpy" infotip="The Largest BitTorrent Search Engine" />
            <torrents type="url" value="http://www.isohunt.com/js/redir/BitComet.php" display="isoHunt" infotip="big search engine for any type of torrent" />
            <torrents type="url" value="http://www.torrentportal.com/" display="TorrentPortal" infotip="A great portal with alot of dedicated uploaders" />
		    <torrents type="url" value="http://www.mybittorrent.com" display="MyBitTorrent" infotip="MyBitTorrent" />
            <torrents type="url" value="http://www.seedler.org" display="seedler" infotip="seedler" />
			<torrents type="url" value="http://www.fulldls.com" display="fulldls" infotip="Your Source For Daily Torrent Downloads" />
            <torrents type="url" value="http://www.zoozle.org" display="zoozle" infotip="big search engine for any type of torrent" />
            <torrents type="url" value="http://www.bitenova.org" display="bitenova" infotip="bitenova" />
            <torrents type="url" value="http://www.mininova.org" display="Mininova" infotip="the place to come for torrents everyday" />
            <torrents type="url" value="http://www.torrentat.uni.cc" display="torrentat" infotip="arabic public tracker" />
		</WebSite>
		<HomePage expend="true" display="BitComet" infotip="BitCometiin liittyv�t sivustot">
			<BitCometHomePage type="url" value="http://www.bitcomet.com/" display="BitCometin kotisivu" />
			<BitCometForums type="url" value="http://bitcomet.p2pforums.com" display="BitCometin foorumi" />
		</HomePage>
	</Favourite>
</BitComet>
