<?xml version="1.0" encoding="utf-8"?>
<BitComet Author="RnySmile" Version="0.1">
    <Favourite>
        <WebSite expend="true" display="BT发布站点" infotip="浏览国内BT站点...">
          <BTChina type="url" value="http://www.btchina.net/" display="BT @ China" infotip="BT @ China 联盟"/>
          <movie type="url" value="http://m.didai.com/?bcl" display="电影地带" infotip="热门DVD电影高速下载" />
          <video type="url" value="http://v.didai.com/?bcl" display="视频地带" infotip="海量视频在线看" />
          <Game type="url" value="http://game.didai.com/?bcl" display="游戏地带" infotip="单机游戏，网络游戏下载" />
          <TLF type="url" value="http://bt.eastgame.net/" display="TLF" infotip="BT @ TLF 发布页"/>
          <GameSirHell type="url" value="http://www.mdbchina.com/go/gamesir.html" display="GameSir" infotip="GameSir游戏动漫"/>
          <GreedLand type="url" value="http://www.mdbchina.com/go/greedland.html" display="贪婪大陆" infotip="动漫下载宝地"/>
          <Mdbchina type="url" value="http://www.mdbchina.com/#bcl" display="中国影视库" infotip="中国影视库"/>
          <imagegarden type="url" value="http://www.mdbchina.com/go/imagegarden.html" display="伊美姬" infotip="下载音乐的绝好的地方，以APE为主"/>
          <ydy type="url" value="http://bt.ydy.com/" display="伊甸园" infotip="伊甸园BT综艺，美剧大集中"/>
          <cnxp type="url" value="http://www.mdbchina.com/go/bt2.html" display="影视帝国" infotip="电影发布页的强者"/>
          <zingking type="url" value="http://m.didai.com/tag/lilmd5956_1.html#bcl" display="影音休闲" infotip=""/>
          <zhuzhu type="url" value="http://m.didai.com/tag/lilmd5591_1.html#bcl" display="猪猪乐园" infotip=""/>
          <ktxp type="url" value="http://m.didai.com/tag/lilmd5848_1.html#bcl" display="极影动漫" infotip="-=极影动漫=- 最新动漫下载"/>
          <wang type="url" value="http://bt.ccmove.com/" display="玩转手机" infotip="玩转手机"/>
          <bestgame type="url" value="http://bt.bestmovie.cn/" display="顶好影线" infotip="顶好影线"/>
          <bbsee type="url" value="http://m.didai.com/tag/lilmd6130_1.html#bcl" display="正版综艺" infotip="正版综艺节目免费下载"/>
          <icefish type="url" value="http://m.didai.com/tag/lilmd5587_1.html#bcl" display="冰鱼综艺" infotip="冰鱼发布页"/>
          <ezine type="url" value="http://www.mdbchina.com/go/ezine.html" display="电子杂志" infotip="BC电子杂志发布页"/>
          <bt type="url" value="http://www.17995.com/fd.htm" display="BT网站大全" infotip="BT精采网站"/>
        </WebSite>
        <Item expend="false" display="BT论坛地址" infotip="BT论坛大全">
          <tree type="url" value="http://bbs.cnxp.com/index.php" display="影视帝国" infotip="影视帝国">
        <tree  type="url" value="http://bbs.cnxp.com/forumdisplay.php?fid=184" display="体育BT小组" infotip="体育BT小组" />
        <tree type="url" value="http://bbs.cnxp.com/forumdisplay.php?fid=185" display="动漫BT小组" infotip="动漫BT小组" />
        <tree type="url" value="http://bbs.cnxp.com/forumdisplay.php?fid=186" display="连续剧BT小组" infotip="连续剧BT小组" />
        <tree infotip="电影BT小组" type="url" value="http://bbs.cnxp.com/forumdisplay.php?fid=187" display="电影BT小组" />
        <tree type="url" value="http://bbs.cnxp.com/forumdisplay.php?fid=116" display="BT电影" infotip="BT电影" />
        <tree type="url" value="http://bbs.cnxp.com/forumdisplay.php?fid=115" display="BT连续剧" infotip="BT连续剧" />
        <tree type="url" value="http://bbs.cnxp.com/forumdisplay.php?fid=117" display="BT动漫" infotip="BT动漫" />
        <tree type="url" value="http://bbs.cnxp.com/forumdisplay.php?fid=118" display="BT综艺" infotip="BT综艺" />
        <tree type="url" value="http://bbs.cnxp.com/forumdisplay.php?fid=158" display="BT音乐" infotip="BT音乐" />
        <tree type="url" value="http://bbs.cnxp.com/forumdisplay.php?fid=156" display="BT体育" infotip="BT体育" />
        <tree type="url" value="http://bbs.cnxp.com/forumdisplay.php?fid=120" display="BT游戏" infotip="BT游戏" />
        <tree type="url" value="http://bbs.cnxp.com/forumdisplay.php?fid=162" display="BT-DVDRIP" infotip="BT-DVDRIP" />
    </tree>
    <tree type="url" value="http://zy.ydy.com/bbs/index.php" display="YDY综艺分坛" infotip="YDY综艺分坛" >
        <tree display="周末综艺" infotip="周末综艺" type="url" value="http://zy.ydy.com/bbs/thread.php?fid=25" />
        <tree display="明星访谈" infotip="明星访谈" type="url" value="http://zy.ydy.com/bbs/thread.php?fid=26" />
        <tree display="新闻*排行" infotip="新闻*排行" type="url" value="http://zy.ydy.com/bbs/thread.php?fid=27" />
        <tree display="凤凰剧场" infotip="凤凰剧场" type="url" value="http://zy.ydy.com/bbs/thread.php?fid=28" />
            <tree display="内地综艺" infotip="内地综艺" type="url" value="http://zy.ydy.com/bbs/thread.php?fid=29" />
        <tree display="国外综艺" infotip="国外综艺" type="url" value="http://zy.ydy.com/bbs/thread.php?fid=30" />
        <tree display="体育BT区" infotip="体育BT区" type="url" value="http://zy.ydy.com/bbs/thread.php?fid=24" />
        <tree display="其他综艺" infotip="其他综艺" type="url" value="http://zy.ydy.com/bbs/thread.php?fid=31" />
    </tree>
    <tree display="YDY美剧分坛" infotip="YDY美剧分坛" type="url" value="http://sfile.ydy.com/bbs/thread.php?fid=18" />
    <tree display="5Q地带" infotip="5Q地带" type="url" value="http://bbs.5qzone.net/index.php" >
        <tree display="电影" infotip="电影" type="url" value="http://bbs.5qzone.net/c_thread.php?fid=85" />
        <tree display="连续剧" infotip="连续剧" type="url" value="http://bbs.5qzone.net/c_thread.php?fid=29" />
        <tree display="音乐" infotip="音乐" type="url" value="http://bbs.5qzone.net/c_thread.php?fid=39" />
        <tree display="动漫" infotip="动漫" type="url" value="http://bbs.5qzone.net/c_thread.php?fid=33" />
        <tree display="综艺体育" infotip="综艺体育" type="url" value="http://bbs.5qzone.net/c_thread.php?fid=35" />
         <tree display="游戏" infotip="游戏" type="url" value="http://bbs.5qzone.net/c_thread.php?fid=41" />
    </tree>
     <tree display="Btchina论坛" infotip="Btchina论坛" type="url" value="http://bbs.btchina.net" >
        <tree display="游戏资源" infotip="游戏资源" type="url" value="http://bbs.btchina.net/forumdisplay.php?s=ad556b6bd5369ccfa5888ab1b8d9648b&amp;forumid=3" />
        <tree display="模拟器游戏" infotip="模拟器游戏" type="url" value="http://bbs.btchina.net/forumdisplay.php?s=ad556b6bd5369ccfa5888ab1b8d9648b&amp;forumid=100" />
        <tree display="DVDRip&amp;HDTV" infotip="DVDRip&amp;HDTV" type="url" value="http://bbs.btchina.net/forumdisplay.php?s=ad556b6bd5369ccfa5888ab1b8d9648b&amp;forumid=70" />
        <tree display="港台连续剧" infotip="港台连续剧" type="url" value="http://bbs.btchina.net/forumdisplay.php?s=ad556b6bd5369ccfa5888ab1b8d9648b&amp;forumid=19" />
        <tree display="日韩连续剧" infotip="日韩连续剧" type="url" value="http://bbs.btchina.net/forumdisplay.php?s=ad556b6bd5369ccfa5888ab1b8d9648b&amp;forumid=18" />
        <tree display="欧美连续剧" infotip="欧美连续剧" type="url" value="http://bbs.btchina.net/forumdisplay.php?s=ad556b6bd5369ccfa5888ab1b8d9648b&amp;forumid=141" />
            <tree display="大陆及其他连续剧" infotip="大陆及其他连续剧" type="url" value="http://bbs.btchina.net/forumdisplay.php?s=ad556b6bd5369ccfa5888ab1b8d9648b&amp;forumid=142" />
        <tree display="体育节目" infotip="体育节目" type="url" value="http://bbs.btchina.net/forumdisplay.php?s=ad556b6bd5369ccfa5888ab1b8d9648b&amp;forumid=140" />
        <tree display="综艺节目" infotip="综艺节目" type="url" value="http://bbs.btchina.net/forumdisplay.php?s=ad556b6bd5369ccfa5888ab1b8d9648b&amp;forumid=143" />
            <tree display="动漫资源" infotip="动漫资源" type="url" value="http://bbs.btchina.net/forumdisplay.php?s=ad556b6bd5369ccfa5888ab1b8d9648b&amp;forumid=34" />
        <tree display="音乐资源" infotip="音乐资源" type="url" value="http://bbs.btchina.net/forumdisplay.php?s=ad556b6bd5369ccfa5888ab1b8d9648b&amp;forumid=7" />
        <tree display="APE音乐" infotip="APE音乐" type="url" value="http://bbs.btchina.net/forumdisplay.php?s=ad556b6bd5369ccfa5888ab1b8d9648b&amp;forumid=39" />
        <tree display="软件及教育教学资源" infotip="软件及教育教学资源" type="url" value="http://bbs.btchina.net/forumdisplay.php?s=ad556b6bd5369ccfa5888ab1b8d9648b&amp;forumid=27" />
    </tree>
    <tree display="BT之家" infotip="BT之家" type="url" value="http://bbs.btbbt.com/index.php" />
     <tree display="猪猪乐园" infotip="猪猪乐园" type="url" value="http://bbs.btpig.com/forumdisplay.php?fid=247" />
    <tree display="满分网学习考试" infotip="满分网学习考试" type="url" value="http://www.manfen.net/forum/forumdisplay.php?forumid=815" />
    <tree display="天使影视" infotip="天使影视" type="url" value="http://bbs.pc91.net" />
    <tree display="百看娱乐网" infotip="百看娱乐网" type="url" value="http://www.100kan.com" />
    <tree display="极影论坛" infotip="极影论坛" type="url" value="http://bbs.ktxp.com" />
        <tree display="移动天使手机影音" infotip="移动天使手机影音" type="url" value="http://club.ccmove.com/nclub/boarddisplay.aspx?boardid=1869&amp;pageno=1" />
    <tree display="TLF论坛" infotip="TLF论坛" type="url" value="http://www.eastgame.net" />
        <tree display="BT骄阳" infotip="BT骄阳" type="url" value="http://bt.joyyang.com/" />
    <tree display="BT精采论坛网址" infotip="BT精采论坛网址" type="url" value="http://www.58bt.com/fd.asp" />
</Item>
        <didai expend="false" type="url" value="http://www.didai.com/?bcl" display="彗星地带" infotip="大量资源高速下载">
          <movie type="url" value="http://m.didai.com/?bcl" display="电影地带" infotip="热门DVD电影高速下载" />
          <music type="url" value="http://mp3.didai.com/?bcl" display="音乐地带" infotip="在线听歌，mp3下载" />
          <game type="url" value="http://game.didai.com/?bcl" display="游戏地带" infotip="热门游戏高速下载" />
          <soft type="url" value="http://soft.didai.com/?bcl" display="软件地带" infotip="热门软件高速下载" />
          <picture type="url" value="http://pic.didai.com/?bcl" display="图片地带" infotip="热辣图片在线看" />
          <mobile type="url" value="http://shouji.didai.com/?bcl" display="手机地带" infotip="手机软件、主题、铃声下载" />
          <video type="url" value="http://v.didai.com/?bcl" display="视频地带" infotip="海量视频在线看" />
        </didai>
        <Games expend="false" type="url" value="http://my.mdbchina.com/flash/?bcl"  display="小游戏" infotip="精选小游戏">
          <mj type="url" value="http://my.mdbchina.com/flash/Class7?bcl" display="敏捷类" infotip="敏捷类"/>
          <cl type="url" value="http://my.mdbchina.com/flash/Class5?bcl" display="策略类" infotip="策略类"/>
          <ty type="url" value="http://my.mdbchina.com/flash/Class8?bcl" display="体育类" infotip="体育类"/>
          <yz type="url" value="http://my.mdbchina.com/flash/Class10?bcl" display="益智类" infotip="益智类"/>
          <xs type="url" value="http://my.mdbchina.com/flash/Class9?bcl" display="休闲类" infotip="休闲类"/>
          <et type="url" value="http://my.mdbchina.com/flash/Class6?bcl" display="儿童类" infotip="儿童类"/>
          <zz type="url" value="http://my.mdbchina.com/flash/Class11?bcl" display="战争类" infotip="战争类"/>
          <zj type="url" value="http://my.mdbchina.com/flash/Class12?bcl" display="专辑类" infotip="专辑类"/>
          <hz type="url" value="http://my.mdbchina.com/flash/Class73?bcl" display="化妆类" infotip="化妆类"/>
          <bs type="url" value="http://my.mdbchina.com/flash/class125?bcl" display="比赛类" infotip="比赛类"/>
        </Games>
        <Links expend="true" display="热门推荐" infotip="热门资源推荐">
          <c type="url" value="http://m.didai.com/tag/lilmd466_1.html?bcg" display="欧美连续剧" infotip="热门美剧下载"/>
          <c type="url" value="http://www.mdbchina.com/webdata/recnew/rec_1.html" display="DVD大片每日更新" infotip="精品DVD大片免费下载" />
          <c type="url" value="http://my.mdbchina.com/media/headpic/?bcg" display="美女自拍" infotip="美女自拍"/>
          <c type="url" value="http://my.mdbchina.com/Community/?bcg" display="男欢女爱影像色区" infotip="男欢女爱影像色区"/>
          <c type="url" value="http://my.mdbchina.com/flash/class125?bcg" display="是男人就下100层" infotip="挑战类小游戏"/>
          <c type="url" value="http://m.didai.com/tag/lilmd467_1.html?bcg" display="日韩连续剧" infotip="日剧，韩剧下载"/>
         </Links>
        <HomePage type="url" value="http://bbs.bitcomet.com/" display="BitComet软件论坛" infotip="BitComet软件中文论坛"/>
    </Favourite>
    <Filter>
        <item>mdbchina.com</item>
        <item>bitcomet.com</item>
    </Filter>
  <CometZoneMenu>
      <SEPARATOR/>
		<LinkPage ActionType="link" Parameter="http://www.didai.com/?menu" display="地带首页"/>
		<LinkPage ActionType="link" Parameter="http://m.didai.com/?menu" display="电影地带"/>
		<LinkPage ActionType="link" Parameter="http://mp3.didai.com/?menu" display="音乐地带"/>
		<LinkPage ActionType="link" Parameter="http://game.didai.com/?menu" display="游戏地带"/>
		<LinkPage ActionType="link" Parameter="http://soft.didai.com/?menu" display="软件地带"/>
		<LinkPage ActionType="link" Parameter="http://pic.didai.com/?menu" display="图片地带"/>
		<LinkPage ActionType="link" Parameter="http://shouji.didai.com/?menu" display="手机地带"/>
		<LinkPage ActionType="link" Parameter="http://v.didai.com/?menu" display="视频地带"/>
  </CometZoneMenu>
  <MovieLibMenu>
    <ChinaMovie MenuType="POPUP" display="中国影视库(&amp;M)">
      <LinkPage ActionType="link" Parameter="http://www.mdbchina.com/?menu" display="影视库首页"/>
          <LinkPage ActionType="link" Parameter="http://www.mdbchina.com/webdata/recnew/rec_1.html?menu" display="每日推荐下载"/>
          <LinkPage ActionType="link" Parameter="http://www.mdbchina.com/webdata/recnew/new_1.html?menu" display="最新电影介绍"/>
          <LinkPage ActionType="link" Parameter="http://www.mdbchina.com/sections/trailers/?menu" display="最新预告片"/>
      <LinkPage ActionType="link" Parameter="http://www.mdbchina.com/displayFYB.html?menu" display="搜索风云榜"/>
		  <LinkPage ActionType="link" Parameter="http://my.mdbchina.com/Video/?menu" display="在线看电影"/>
		  <LinkPage ActionType="link" Parameter="http://www.mdbchina.com/comic/?menu" display="在线看漫画"/>
      <SEPARATOR/>
      <LinkPage ActionType="link" Parameter="http://my.mdbchina.com/?menu" display="我的影社"/>
          <LinkPage ActionType="link" Parameter="http://my.mdbchina.com/Community/?menu" display="电影群组"/>
          <LinkPage ActionType="link" Parameter="http://my.mdbchina.com/World/?menu" display="同城交友"/>
      <LinkPage ActionType="link" Parameter="http://my.mdbchina.com/media/Picture/?menu" display="影友相册"/>
          <LinkPage ActionType="link" Parameter="http://my.mdbchina.com/Media/headpic/?menu" display="影友自拍"/>
          <LinkPage ActionType="link" Parameter="http://my.mdbchina.com/flash/?menu" display="休闲游戏"/>
          <Users MenuType="POPUP" display="管理中心">
            <LinkPage ActionType="link" Parameter="http://my.mdbchina.com/Message/RecMessage.aspx" display="我的消息"/>
            <LinkPage ActionType="link" Parameter="http://my.mdbchina.com/UserInfo.aspx?menu" display="修改资料"/>
            <LinkPage ActionType="link" Parameter="http://my.mdbchina.com/Groups/Apply.aspx?menu" display="申请小组"/>
            <LinkPage ActionType="link" Parameter="http://my.mdbchina.com/Groups/Friend/?menu" display="我的好友"/>
            <LinkPage ActionType="link" Parameter="http://my.mdbchina.com/Users/${USER_ID}/?menu" display="个人主页"/>
            <LinkPage ActionType="link" Parameter="http://my.mdbchina.com/Media/Picture/myAlbums.aspx?menu" display="我的相册"/>
            <LinkPage ActionType="link" Parameter="http://my.mdbchina.com/Media/HeadPic/myHeadPic.aspx?menu" display="我的自拍"/>
         	<LinkPage ActionType="link" Parameter="http://my.mdbchina.com/Media/HeadPic/ddt.aspx?menu" display="在线拍照"/>
            <LinkPage ActionType="link" Parameter="http://my.mdbchina.com/Media/Picture/add.aspx?menu" display="上传照片"/>          
		  </Users>
    </ChinaMovie>
  </MovieLibMenu>
  <SearchLeft>
    <s title="彗星地带影视" link="http://www.didai.com" html="http://m.didai.com/search.aspx?q=${QUERY}" />
    <s title="BTCHINA" link="http://www.btchina.com" html="http://search1.btchina.net/btsearch.php?client=bitcomet&amp;query=${QUERYANSI}" />
    <s title="中国影视库" link="http://so.mdbchina.com/" html="http://search.mdbchina.com/query/${QUERY}" />
  </SearchLeft>
  <SearchToolbar>
    <s title="影视" link="http://m.didai.com" html="http://m.didai.com/search.aspx?q=${QUERY}" />
    <s title="音乐" link="http://mp3.didai.com" html="http://mp3.didai.com/search.aspx?q=${QUERY}" />
    <s title="游戏" link="http://game.didai.com" html="http://game.didai.com/search.aspx?q=${QUERY}" />
    <s title="软件" link="http://soft.didai.com" html="http://soft.didai.com/search.aspx?q=${QUERY}" />
  </SearchToolbar>
  <BrowserToolbar>
    <button title="影视" icon="0" link="http://m.didai.com/?ie" />
    <button title="音乐" icon="1" link="http://mp3.didai.com/?ie" />
    <button title="游戏" icon="2" link="http://game.didai.com/?ie" />
    <button title="软件" icon="3" link="http://soft.didai.com/?ie" />
    <button title="图片" icon="4" link="http://pic.didai.com/?ie" />
    <button title="手机" icon="5" link="http://shouji.didai.com/?ie" />
    <button title="视频" icon="6" link="http://v.didai.com/?ie" />
  </BrowserToolbar>
</BitComet>
