<?xml version="1.0" encoding="utf-8"?>
<BitComet Author="RnySmile" Version="0.1">
    <Favourite>
        <WebSite expend="true" display="&#931;&#949;&#955;&#943;&#948;&#949;&#962;&#32;&#956;&#949;&#32;&#84;&#111;&#114;&#114;&#101;&#110;&#116;" infotip="&#913;&#957;&#945;&#950;&#942;&#964;&#951;&#963;&#951;&#32;&#963;&#949;&#32;&#963;&#949;&#955;&#943;&#948;&#949;&#962;&#32;&#956;&#949;&#32;&#84;&#111;&#114;&#114;&#101;&#110;&#116;...">
            <torrents type="url" value="http://www.2torrents.com" display="2Torrents" infotip="&#924;&#953;&#945;&#32;&#965;&#960;&#941;&#961;&#959;&#967;&#951;&#32;&#963;&#949;&#955;&#943;&#948;&#945;&#32;&#956;&#949;&#32;&#960;&#959;&#955;&#955;&#940;&#32;&#957;&#941;&#945;&#32;&#116;&#111;&#114;&#114;&#101;&#110;&#116;&#115;&#32;&#954;&#940;&#952;&#949;&#32;&#956;&#941;&#961;&#945;." />
            <torrentsearch type="url" value="http://www.torrentsearch.us/?ref=bitcomet@yahoo.com" display="Torrent Search" infotip="&#917;&#973;&#961;&#949;&#963;&#951;&#32;&#940;&#955;&#955;&#969;&#957;&#32;&#963;&#949;&#955;&#943;&#948;&#969;&#957;&#32;&#84;&#111;&#114;&#114;&#101;&#110;&#116;..." />
            <isohunt type="url" value="http://www.isohunt.com/js/redir/BitComet.php" display="isoHunt" infotip="&#956;&#949;&#947;&#940;&#955;&#951;&#32;&#956;&#951;&#967;&#945;&#957;&#942;&#32;&#945;&#957;&#945;&#950;&#942;&#964;&#951;&#963;&#951;&#962;&#32;&#947;&#953;&#945;&#32;&#954;&#940;&#952;&#949;&#32;&#964;&#973;&#960;&#959;&#32;torrent" />
            <mininova type="url" value="http://www.mininova.org" display="Mininova" infotip="&#959;&#32;&#964;&#972;&#960;&#959;&#962;&#32;&#947;&#953;&#945;&#32;&#957;&#945;&#32;&#941;&#961;&#967;&#949;&#963;&#964;&#949;&#32;&#947;&#953;&#945;&#32;&#116;&#111;&#114;&#114;&#101;&#110;&#116;&#115;&#32;&#954;&#945;&#952;&#951;&#956;&#949;&#961;&#953;&#957;&#940;" />
            <torrentportal type="url" value="http://www.torrentportal.com/" display="Torrent Portal" infotip="&#904;&#957;&#945;&#32;&#956;&#949;&#947;&#940;&#955;&#959;&#32;&#112;&#111;&#114;&#116;&#97;&#108;&#32;&#956;&#949;&#32;&#960;&#959;&#955;&#955;&#959;&#973;&#962;&#32;&#960;&#953;&#963;&#964;&#959;&#973;&#962;&#32;&#966;&#943;&#955;&#959;&#965;&#962;" />
            <thepiratebay type="url" value="http://www.thepiratebay.org/" display="The PirateBay" infotip="&#927;&#32;&#956;&#949;&#947;&#945;&#955;&#973;&#964;&#949;&#961;&#959;&#962;&#32;&#116;&#114;&#97;&#99;&#107;&#101;&#114;&#32;&#963;&#964;&#951;&#32;&#931;&#959;&#965;&#951;&#948;&#943;&#945;" />
			<animesuki type="url" value="http://www.animesuki.com/" display="AnimeSuki.com" infotip="BitTorrent @ AnimeSuki.com"/>
		<greektorents type="url" value="http://www.greek-torrents.com/" display="Greek-torrents" infotip="&#917;&#955;&#955;&#951;&#957;&#953;&#954;&#942;&#32;&#963;&#949;&#955;&#943;&#948;&#945;&#32;&#956;&#949;&#32;&#116;&#111;&#114;&#114;&#101;&#110;&#116;&#115;"/>
        </WebSite>
        <GeneralSite expend="true" display="&#915;&#949;&#957;&#953;&#954;&#941;&#962;&#32;&#963;&#949;&#955;&#943;&#948;&#949;&#962;&#32;&#80;&#50;&#80;" infotip="&#915;&#949;&#957;&#953;&#954;&#941;&#962;&#32;&#963;&#949;&#955;&#943;&#948;&#949;&#962;&#32;&#80;&#50;&#80;...">
            <slyck type="url" value="http://www.slyck.com/" display="Slyck" infotip="Slyck - &#925;&#941;&#945;&#32;&#963;&#967;&#949;&#964;&#953;&#954;&#940;&#32;&#956;&#949;&#32;&#945;&#32;&#948;&#943;&#954;&#964;&#965;&#945;&#32;&#945;&#957;&#964;&#945;&#955;&#955;&#945;&#947;&#942;&#962;&#32;&#945;&#961;&#967;&#949;&#943;&#969;&#957;" />
            <youceff type="url" value="http://www.youceff.com/" display="Youceff" infotip="&#922;&#959;&#953;&#957;&#972;&#964;&#951;&#964;&#945;&#32;&#945;&#966;&#953;&#949;&#961;&#969;&#956;&#941;&#957;&#951;&#32;&#963;&#964;&#945;&#32;torrents" />
            <faq type="url" value="http://www.dessent.net/btfaq/" display="&#931;&#965;&#967;&#957;&#941;&#962;&#32;&#949;&#961;&#969;&#964;&#942;&#963;&#949;&#953;&#962;&#32;Bittorrent" infotip="&#924;&#940;&#952;&#949;&#964;&#949;&#32;&#972;&#44;&#964;&#953;&#32;&#952;&#941;&#955;&#949;&#964;&#949;&#32;&#957;&#945;&#32;&#958;&#941;&#961;&#949;&#964;&#949;&#32;&#947;&#953;&#945;&#32;&#964;&#959;&#32;bittorrent" />
        </GeneralSite>
        <HomePage expend="true" type="url" value="http://www.bitcomet.com/" display="&#913;&#961;&#967;&#953;&#954;&#942;&#32;&#963;&#949;&#955;&#943;&#948;&#945;&#32;&#964;&#959;&#965;&#32;BitComet" infotip="&#917;&#957;&#951;&#956;&#941;&#961;&#974;&#963;&#949;&#953;&#962;&#32;&#947;&#953;&#945;&#32;&#964;&#959;&#32;&#66;&#105;&#116;&#67;&#111;&#109;&#101;&#116;&#44;&#32;&#933;&#960;&#959;&#963;&#964;&#942;&#961;&#953;&#958;&#951;...">
            <BitCometHomePage type="url" value="http://www.bitcomet.com/" display="&#913;&#961;&#967;&#953;&#954;&#942;&#32;&#963;&#949;&#955;&#943;&#948;&#945;&#32;BitComet" />
            <BitCometForums type="url" value="http://bitcomet.p2pforums.com" display="&#916;&#951;&#956;&#972;&#963;&#953;&#945;&#32;&#931;&#965;&#950;&#942;&#964;&#951;&#963;&#951;&#32;BitComet" />
        </HomePage>
    </Favourite>
</BitComet>