<?xml version="1.0" encoding="utf-8"?>
<BitComet Author="X-Ray" Version="0.1">
	<Favourite>
		<WebSite expend="true" display="簡體 Torrent 資源發佈網站" infotip="瀏覽各大簡體 BT 網站...">
			<BTChina type="url" value="http://bt.btchina.net/" display="BT @ China" infotip="BT @ China 聯盟發佈頁"/>
			<TLF type="url" value="http://bt.eastgame.net/" display="BitTorrent @ TLF" infotip="BT @ TLF 發佈頁"/>
			<GameSirHell type="url" value="http://bt.gamesir.com/" display="GameSir &amp; HELL" infotip="=GameSir= 遊戲動漫聯合 BitTorrent 發佈頁"/>
			<cnxp type="url" value="http://bt2.cnxp.com/" display="影视帝国发布页" infotip="电影发布页的强者"/>
			<Mdbchina type="url" value="http://www.mdbchina.com/" display="中国影视库" infotip="中国影视库"/>
			<GreedLand type="url" value="http://bt.greedland.net/" display="貪婪大陸" infotip="貪婪大陸 - BT 發佈區"/>
			<imagegarden type="url" value="http://www.imagegarden.net/bt/" display="伊美姬網怡紅快綠" infotip="下載音樂的絕好的地方，以APE為主"/>
			<ydy type="url" value="http://bt.ydy.com/" display="伊甸園BT&amp;字幕下載區" infotip="伊甸園BT&amp;字幕下載區"/>
			<zingking type="url" value="http://bt.zingking.com/" display="影音休閑中心" infotip=""/>
			<ktxp type="url" value="http://bt.ktxp.com/" display="極影動漫BT" infotip="-=極影動漫BT=- 最新動漫下載"/>
		</WebSite>
		<WebSitebig5 expend="true" display="繁體 Torrent 資源發佈網站" infotip="瀏覽各大繁體 BT 網站...">
			<p2pzone type="url" value="http://forum.p2pzone.org/" display="P2PZone/HK@P2P-Forum" infotip="P2PZone/HK@P2P-Forum"/>
			<plusbb type="url" value="http://www.plusbb.com/" display="PlusBB" infotip="BT專業論壇"/>
			<btzone type="url" value="http://btzone.no-ip.com/" display="BTzone" infotip="BTzone(btzone.no-ip.com)"/>
			<atbbad type="url" value="http://hkatb.adsldns.org/index.php?c=5/" display="戀愛櫻之社 BT 區" infotip="戀愛櫻之社 BT 區(hkatb.adsldns.org)"/>
			<mcyzone type="url" value="http://bt.mcyzone.net/" display="McyZone BT論壇" infotip="McyZone 論壇(bbs.mcyzone.net)"/>
            <mfjhlj type="url" value="http://www.58bt.com/link/link.htm" display="免費交換收藏夾鏈結" infotip="免費交換收藏夾鏈結"/>
		</WebSitebig5>
        <Links expend="true" display="優惠活動" infotip="優惠活動...">
		    <c type="url" value="http://www.mdbchina.com/comic/?bcgw" display="免費線上漫畫吧" infotip="免費線上漫畫" color="#FF0000"/>
			<c type="url" value="http://www.mdbchina.com/sections/countries/southkorea/?bcg" display="韓國熱門電影" infotip="韓國熱門電影"/>
			<c type="url" value="http://my.mdbchina.com/flash/class73?bcgw" display="韓國美女換衣小遊戲" infotip="韓國美女換衣小遊戲"/>
			<c type="url" value="http://my.mdbchina.com/media/headpic/?bcgw" display="自拍聖誕賀卡給朋友" infotip="自拍聖誕賀卡給朋友"/>
			<c type="url" value="http://my.mdbchina.com/Video/VideoTag/11571/?bcgw" display="滿城盡帶黃金甲" infotip="滿城盡帶黃金甲"/>
		</Links>
		<SearchEngine expend="false" display="Torrent 搜尋" infotip="搜尋 BT 資源下載...">
			<BTChina type="url" value="http://search.52bt.net/" display="BT @ China 聯盟搜尋引擎" infotip="BT @ China 聯盟搜尋引擎"/>
			<BiTower type="url" value="http://www.bitower.com/" display="BT守望者(BiTower)" infotip="BT 守望者(BiTower) - BT 搜尋引擎"/>
			<BTChina type="url" value="http://bt.btchina.net/" display="BT @ China" infotip="BT 和 DC++ 愛好者"/>
			<BThjbt type="url" value="http://www.hjbt.net/" display="黃金BT搜索引擎" infotip="黃金BT搜索引擎"/>
		</SearchEngine>

		<HomePage type="url" value="http://www.bitcomet.com/index-zh.htm" display="BitComet 軟件主頁" infotip="BitComet 更新、支持...">
			<BitCometHomePage type="url" value="http://www.bitcomet.com/index-zh.htm" display="BitComet 官方主頁" infotip="瀏覽 BitComet 官方主頁"/>
			<BitCometSupport type="url" value="http://bbs.btchina.net/forumdisplay.php?s=&amp;forumid=82" display="BitComet 技術支持論壇" infotip="BitComet 技術支持中文論壇（作者沒有支持義務，但歡迎大家討論）"/>
		</HomePage>
	</Favourite>
	<Filter>
		<item>mdbchina.com/</item>
		<item>bitcomet.com/</item>
	</Filter>
    <SearchLeft>
    <s title="彗星地帶影視" link="http://www.didai.com" html="http://m.didai.com/search.aspx?q=${QUERY}" />
    <s title="BTCHINA" link="http://www.btchina.com" html="http://search1.btchina.net/btsearch.php?client=bitcomet&amp;query=${QUERYANSI}" />
    <s title="中國影視庫" link="http://so.mdbchina.com/" html="http://search.mdbchina.com/query/${QUERY}" />
  </SearchLeft>
  <SearchToolbar>
    <s title="影视" link="http://m.didai.com" html="http://m.didai.com/search.aspx?q=${QUERY}" />
    <s title="音乐" link="http://mp3.didai.com" html="http://mp3.didai.com/search.aspx?q=${QUERY}" />
    <s title="游戏" link="http://game.didai.com" html="http://game.didai.com/search.aspx?q=${QUERY}" />
    <s title="软件" link="http://soft.didai.com" html="http://soft.didai.com/search.aspx?q=${QUERY}" />
  </SearchToolbar>
</BitComet>
