﻿<?xml version="1.0" encoding="utf-8"?>
<BitComet Author="RnySmile" Translator="iQuE" Version="0.1">
	<Favourite>
		<WebSite expend="true" display="Sites de Torrents" infotip="Listar sites de Torrents...">
            <elitewebt3 type="url" value="http://www.elitewebt3.com/" display="elitwebt3" infotip="Site espanhol com boas torrents"/>
            <torrents type="url" value="http://www.torrentspy.com" display="TorrentSpy" infotip="The Largest BitTorrent Search Engine" />
            <torrents type="url" value="http://www.isohunt.com/js/redir/BitComet.php" display="isoHunt" infotip="big search engine for any type of torrent" />
            <torrents type="url" value="http://www.torrentportal.com/" display="TorrentPortal" infotip="A great portal with alot of dedicated uploaders" />
		    <torrents type="url" value="http://www.mybittorrent.com" display="MyBitTorrent" infotip="MyBitTorrent" />
            <torrents type="url" value="http://www.seedler.org" display="seedler" infotip="seedler" />
			<torrents type="url" value="http://www.fulldls.com" display="fulldls" infotip="Your Source For Daily Torrent Downloads" />
            <torrents type="url" value="http://www.zoozle.org" display="zoozle" infotip="big search engine for any type of torrent" />
            <torrents type="url" value="http://www.bitenova.org" display="bitenova" infotip="bitenova" />
            <torrents type="url" value="http://www.mininova.org" display="Mininova" infotip="the place to come for torrents everyday" />
            <torrents type="url" value="http://www.torrentat.uni.cc" display="torrentat" infotip="arabic public tracker" />
		</WebSite>
		<HomePage expend="true" type="url" icon="4" value="http://www.bitcomet.com/" display="BitComet HomePage" infotip="Atualizações do BitComet, suporte...">
			<BitCometHomePage type="url" value="http://www.bitcomet.com/" display="BitComet Homepage" />
			<BitCometForums type="url" value="http://www.p2pforums.com/viewforum.php?c=10" display="BitComet Forums" />
		</HomePage>
	</Favourite>
</BitComet>
