<?xml version="1.0" encoding="utf-8"?>
<BitComet Author="RnySmile" Version="0.1">
	<Rules>
		<SlotsPerTask>
			<!-- when downloading, if the download rate below xx KB/s, always keep xx slot for best peers (Per Torrent), and connected to max xx peers in total (Per Torrent)-->
			<a if_rate_below_kb="10"  slots_kept="15" slots_max="30" />
			<a if_rate_below_kb="40"  slots_kept="20" slots_max="40" />
			<a if_rate_below_kb="80"  slots_kept="30" slots_max="55" />
			<a if_rate_below_kb="150" slots_kept="40" slots_max="60" />
		</SlotsPerTask>
		<UploadSlotsGlobal>
			<!-- if the upload rate below xx KB/s, open upload slot (Global) min, max -->
			<a if_rate_below_kb="10"  slots_min="2" slots_max="3" />
			<a if_rate_below_kb="20"  slots_min="2" slots_max="4" />
			<a if_rate_below_kb="30"  slots_min="3" slots_max="6" />
			<a if_rate_below_kb="40"  slots_min="4" slots_max="8" />
			<a if_rate_below_kb="50"  slots_min="5" slots_max="10" />
			<a if_rate_below_kb="60"  slots_min="6" slots_max="12" />
			<a if_rate_below_kb="80"  slots_min="8" slots_max="16" />
			<a if_rate_below_kb="100" slots_min="15" slots_max="25" />
			<a if_rate_below_kb="150" slots_min="23" slots_max="46" />
			<a if_rate_below_kb="200" slots_min="30" slots_max="56" />
			<a if_rate_below_kb="250" slots_min="40" slots_max="70" />
			<a if_rate_below_kb="400" slots_min="60" slots_max="80" />
		</UploadSlotsGlobal>
	</Rules>
</BitComet>
