<?xml version="1.0" encoding="utf-8"?>
<BitComet Author="RnySmile" Version="0.1">
	<Favourite>
		<WebSite expend="true" display="Torrent Sites" infotip="Browse Torrents Sites...">
			<torrents type="url" value="http://www.wtorrent.com/?client=bitcomet" display="wTorrent" infotip="wTorrent" />
			<torrents type="url" value="http://www.atcomet.com/topic/torrent/?bcl" display="Toplist of Torrent Sites" infotip="Toplist of Torrent Sites" />
			<torrents type="url" value="http://www.bitcomet.com/client/redir/?http://www.torrentbar.com/?client=bitcomet" display="TorrentBar" infotip="" />
			<torrents type="url" value="http://www.bitcomet.com/client/redir/?http://www.utorrentportal.org/?client=bitcomet" display="utorrentportal" infotip="utorrentportal" />
			<torrents type="url" value="http://www.bitcomet.com/client/redir/?http://www.torrentroom.com/?client=bitcomet" display="TorrentRoom" infotip="" />
			<torrents type="url" value="http://www.bitcomet.com/client/redir/?http://www.torrentz.com/?client=bitcomet" display="Torrentz" infotip="" />
			<torrents type="url" value="http://www.bitcomet.com/client/redir/?http://www.thepiratebay.org/browse/" display="ThePirateBay" infotip="" />
			<torrents type="url" value="http://www.bitcomet.com/client/redir/?http://www.isohunt.com/?client=bitcomet" display="IsoHunt" infotip="" />
		</WebSite>
		<Links expend="true" display="Popular Sites" infotip="Browse Popular Sites...">
			<phoenix type="url" value="http://mwo.playcomet.com/?bcl" display="Magic World OL Game" infotip="Free to play special BitComet version of Magic World OL" />
			<movies type="url" value="http://www.mcomet.com/?bcl" display="Upcoming Movies" infotip="Movies, Showtimes, Movie Trailers" />
			<soft type="url" value="http://www.cometbird.com/?bcl" display="Speed up your browser" infotip="Download any video/mp3/flash files from ANY website" />
			<soft type="url" value="http://www.brothersoft.com/?referral=bitcomet" display="Free Software Downloads" infotip="Free Software Downloads" />
			<games type="url" value="http://www.playcomet.com/?bcl" display="Flash Games" infotip="Free Online Games" />
			<games type="url" value="http://www1.ccmove.com/?bcl" display="Free Ringtone" infotip="Free Ringtone" />
			<albums type="url" value="http://wl.playcomet.com/?bcl" display="Free WebGame" infotip="Play WebGame with Comet Passport" />
			<soft type="url" value="http://www.apphit.com/?bcl" display="Common Software Downloads" infotip="SoftWare Downloads and Reviews" />
		</Links>
		<HomePage expend="true" display="BitComet HomePage" infotip="BitComet Update, Support...">
			<BitCometHomePage type="url" value="http://www.bitcomet.com/?bcl" display="BitComet Homepage" />
			<BitCometForums type="url" value="http://www.tocomet.com/topic/bitcomet/?bcl" display="BitComet Forums" />
		</HomePage>
	</Favourite>
	<SearchToolbar>
		<wtorrent title="wTorrent" link="http://www.wtorrent.com" html="http://www.wtorrent.com/search/?client=bitcomet&amp;q=${QUERY}" />
		<torrentbar title="Torrentbar" link="http://www.bitcomet.com/client/redir/?http://www.torrentbar.com" html="http://www.bitcomet.com/client/redir/?http://www.torrentbar.com/query.html?client=bitcomet&amp;k=${QUERY}" />
		<Zoozle title="utorrentportal" link="http://www.bitcomet.com/client/redir/?http://www.zoozle.org" html="http://www.bitcomet.com/client/redir/?http://www.utorrentportal.org/search.php?client=bitcomet&amp;site=2008425111142&amp;keyword=${QUERY}" />
		<TorrentRoom title="TorrentRoom" link="http://www.bitcomet.com/client/redir/?http://www.torrentroom.com" html="http://www.bitcomet.com/client/redir/?http://www.torrentroom.com/search.aspx?client=bitcomet&amp;k=${QUERY}" />
		<TorrentRoom title="Torrentz" link="http://www.bitcomet.com/client/redir/?http://www.torrentz.com" html="http://www.bitcomet.com/client/redir/?http://www.torrentz.com/search?client=bitcomet&amp;q=${QUERY}" />
		<TorrentRoom title="ThePirateBay" link="http://www.bitcomet.com/client/redir/?http://www.thepiratebay.org" html="http://www.bitcomet.com/client/redir/?http://thepiratebay.org//search/${QUERY}" />
		<TorrentRoom title="IsoHunt" link="http://www.bitcomet.com/client/redir/?http://www.isohunt.com" html="http://www.bitcomet.com/client/redir/?http://www.isohunt.com/torrents/?client=bitcomet&amp;ihq=${QUERY}" />
	</SearchToolbar>
</BitComet>
