<?xml version="1.0" encoding="utf-8"?>
<BitComet Author="MONOSY" Version="0.1">
	<Favourite>
		<WebSite display="웹사이트" infotip="웹사이트..">
			<kimhwa type="url" value="http://www.kimhwa.com/" display="김화 당나귀 사이트"/>
			<carrot52 type="url" value="http://f-prot.wo.to/" display="당근오이 사이트"/>
            <torrents type="url" value="http://www.2torrents.com" display="2Torrents" infotip="An awesome site with plenty of new .torrents being added every day." />
            <torrentsearch type="url" value="http://www.torrentsearch.us/?ref=bitcomet@yahoo.com" display="TorrentSearch" infotip="Find Other Torrent Site..." />
            <isohunt type="url" value="http://www.isohunt.com/js/redir/BitComet.php" display="isoHunt" infotip="big search engine for any type of torrent" />
            <mininova type="url" value="http://www.mininova.org" display="Mininova" infotip="the place to come for torrents everyday" />
            <torrentportal type="url" value="http://www.torrentportal.com/" display="TorrentPortal" infotip="A great portal with alot of dedicated uploaders" />
            <thepiratebay type="url" value="http://www.thepiratebay.org/" display="ThePirateBay" infotip="The biggest tracker in Sweden" />
			<animesuki type="url" value="http://www.animesuki.com/" display="AnimeSuki.com" infotip="BitTorrent @ AnimeSuki.com"/>
		</WebSite>
        <GeneralSite expend="true" display="P2P General Site" infotip="P2P General Site...">
            <slyck type="url" value="http://www.slyck.com/" display="Slyck" infotip="Slyck - File Sharing News and Info" />
            <youceff type="url" value="http://www.youceff.com/" display="Youceff" infotip="Community dedicated to torrents" />
            <faq type="url" value="http://dessent.net/btfaq/" display="bittorrent FAQ 사이트"/>
        </GeneralSite>
		<HomePage type="url" icon="4" value="http://www.bitcomet.com/" display="BitComet 홈페이지" infotip="BitComet 홈페이지...">
			<BitCometHomePage type="url" value="http://www.bitcomet.com/" display="BitComet 홈페이지" />
			<BitCometForums type="url" value="http://bitcomet.p2pforums.com" display="BitComet 포럼" />
		</HomePage>
	</Favourite>
</BitComet>
