<?xml version="1.0" encoding="utf-8"?>
<BitComet xmlns="http://tempuri.org/fav_en_us.xsd" Author="RnySmile" Version="0.1">
    <Favourite>
        <WebSite expend="true" display="Torrent Sites" infotip="Browse Torrents Sites...">
            <torrents type="url" value="http://www.2torrents.com" display="2Torrents" infotip="An awesome site with plenty of new .torrents being added every day." />
            <torrentsearch type="url" value="http://www.torrentsearch.us/?ref=bitcomet@yahoo.com" display="TorrentSearch" infotip="Find Other Torrent Site..." />
            <isohunt type="url" value="http://www.isohunt.com/js/redir/BitComet.php" display="isoHunt" infotip="big search engine for any type of torrent" />
            <mininova type="url" value="http://www.mininova.org" display="Mininova" infotip="the place to come for torrents everyday" />
            <torrentportal type="url" value="http://www.torrentportal.com/" display="TorrentPortal" infotip="A great portal with alot of dedicated uploaders" />
            <thepiratebay type="url" value="http://www.thepiratebay.org/" display="ThePirateBay" infotip="The biggest tracker in Sweden" />
			<animesuki type="url" value="http://www.animesuki.com/" display="AnimeSuki.com" infotip="BitTorrent @ AnimeSuki.com"/>
        </WebSite>
        <GeneralSite expend="true" display="P2P General Site" infotip="P2P General Site...">
            <slyck type="url" value="http://www.slyck.com/" display="Slyck" infotip="Slyck - File Sharing News and Info" />
            <youceff type="url" value="http://www.youceff.com/" display="Youceff" infotip="Community dedicated to torrents" />
            <faq type="url" value="http://www.dessent.net/btfaq/" display="BittorrentFAQ" infotip="Learn everything you need to know about bittorrent" />
        </GeneralSite>
		<Links expend="true" display="Promotions" infotip="Promotions...">
			<c type="url" value="http://www.dpbolvw.net/t982nmvsmu9BGAABDG9BADAFAGD" display="Web Host @ StartLogic" infotip="Free setup/domain, Web builder, unlimited emails, PHP, mySQL, CGI, FrontPage. From $6.50/month. Click for more info."/>
			<c type="url" value="http://www.kqzyfj.com/9f104wktqks79E889BE798B898AE" display="900,000+ Songs Online" infotip="Listen to Music Online with 900,000+ Songs at your fingertips with RealRhapsody. 14 day free trial, then only $9.95 month"/>
		</Links>
        <HomePage expend="true" type="url" value="http://www.bitcomet.com/" display="BitComet HomePage" infotip="BitComet Update, Support...">
            <BitCometHomePage type="url" value="http://www.bitcomet.com/" display="BitComet Homepage" />
            <BitCometForums type="url" value="http://bitcomet.p2pforums.com" display="BitComet Forums" />
        </HomePage>
    </Favourite>
</BitComet>