<?xml version="1.0" encoding="ISO-8859-1"?>
<!-- Palautteet yms. p2pforums.com:iin privaattiviestin� (username: Verdict) -->
<BitComet Author="RnySmile" Translator="Verdict" Version="0.3">
	<Favourite>
		<ChatRooms expend="true" icon="14" display="Keskusteluhuoneet" infotip="Keskusteluhuoneita...">
			<Mirror type="torrent_url" value="http://www.bitcomet.com/chatrooms/bitcomet_zh_cn.torrent" display="BitComet-chat" infotip="Keskustelua BitCometista"/>
		</ChatRooms>
		<WebSite expend="true" display="Torrent-sivustoja" infotip="Torrent-sivustoja...">
			<finreactor type="url" value="http://torrent.finreactor.com/" display="Finreactor" />
			<torrentbits type="url" value="http://www.torrentbits.org/browse.php" display="TorrentBits" />
            <torrents type="url" value="http://www.2torrents.com" display="2Torrents" infotip="An awesome site with plenty of new .torrents being added every day." />
            <torrentsearch type="url" value="http://www.torrentsearch.us/?ref=bitcomet@yahoo.com" display="TorrentSearch" infotip="Find Other Torrent Site..." />
            <isohunt type="url" value="http://www.isohunt.com/js/redir/BitComet.php" display="isoHunt" infotip="big search engine for any type of torrent" />
            <mininova type="url" value="http://www.mininova.org" display="Mininova" infotip="the place to come for torrents everyday" />
            <torrentportal type="url" value="http://www.torrentportal.com/" display="TorrentPortal" infotip="A great portal with alot of dedicated uploaders" />
            <thepiratebay type="url" value="http://www.thepiratebay.org/" display="ThePirateBay" infotip="The biggest tracker in Sweden" />
			<animesuki type="url" value="http://www.animesuki.com/" display="AnimeSuki.com" infotip="BitTorrent @ AnimeSuki.com"/>
		</WebSite>
		<GeneralSite expend="true" display="P2P-sivustoja" infotip="P2P-aiheisia sivustoja">
			<Slyck type="url" value="http://www.slyck.com/" display="Slyck.com" />
			<P2PForums type="url" value="http://www.p2pforums.com" display="P2P Forums" />
            <youceff type="url" value="http://www.youceff.com/" display="Youceff" infotip="Community dedicated to torrents" />
            <faq type="url" value="http://www.dessent.net/btfaq/" display="BittorrentFAQ" infotip="Learn everything you need to know about bittorrent" />
		</GeneralSite>
		<HomePage expend="true" display="BitComet" infotip="BitCometiin liittyv�t sivustot">
			<BitCometHomePage type="url" value="http://www.bitcomet.com/" display="BitCometin kotisivu" />
			<BitCometForums type="url" value="http://bitcomet.p2pforums.com" display="BitCometin foorumi" />
		</HomePage>
	</Favourite>
</BitComet>
