<?xml version="1.0" encoding="utf-8"?>
<BitComet Author="X-Ray" Version="0.1">
	<Favourite>
		<ChatRooms expend="true" icon="14" display="主题聊天室" infotip="主题聊天室...">
			<Mirror type="torrent_url" value="http://www.bitcomet.com/chatrooms/bitcomet_zh_cn.torrent" display="BitComet聊天室" infotip="BitComet爱好者的聚会闲谈场所^_^"/>
		</ChatRooms>
		<WebSite expend="true" display="簡體 Torrent 資源發佈網站" infotip="瀏覽各大簡體 BT 網站...">
			<BTChina type="url" value="http://bt.btchina.net/" display="BT @ China" infotip="BT @ China 聯盟發佈頁">
				<Mirror type="url" value="http://bt.cnxp.com/" display="影視帝國鏡像" infotip="BT @ China 聯盟(bt.cnxp.com)"/>
				<Mirror type="url" value="http://bt.itbbs.net/bt/" display="ITBBS鏡像" infotip="BT @ China 聯盟(bt.itbbs.net/bt/)"/>
				<Mirror type="url" value="http://bt1.btchina.net/" display="BTFans鏡像" infotip="BT @ China 聯盟(bt1.btchina.net)"/>
				<Mirror type="url" value="http://gopp.com.cn/bt/" display="彭彭在線鏡像" infotip="BT @ China 聯盟(gopp.com.cn/bt/)"/>
				<Mirror type="url" value="http://bt.ndbbs.com/" display="您的論壇鏡像" infotip="BT @ China 聯盟(bt.ndbbs.com)"/>
				<Mirror type="url" value="http://gopp.com.cn/bt/" display="彭彭在線鏡像" infotip="BT @ China 聯盟(gopp.com.cn/bt/)"/>
				<Mirror type="url" value="http://bt.btchina.net/" display="BTFans鏡像" infotip="BT @ China 聯盟(bt.btchina.net)"/>
			</BTChina>
			<TLF type="url" value="http://bt.eastgame.net/" display="BitTorrent @ TLF" infotip="BT @ TLF 發佈頁">
				<Mirror type="url" value="http://bt1.eastgame.net/" display="鏡像1" infotip="TLF BT 發佈頁鏡像1(bt1.eastgame.net)"/>
				<Mirror type="url" value="http://bt2.eastgame.net/" display="鏡像2" infotip="TLF BT 發佈頁鏡像2(bt2.eastgame.net)"/>
				<Mirror type="url" value="http://bt3.eastgame.net/" display="鏡像3" infotip="TLF BT 發佈頁鏡像3(bt3.eastgame.net)"/>
				<BBS type="url" value="http://www.eastgame.net/" display="TLF論壇" infotip="TLF 論壇"/>
			</TLF>
			<GameSirHell type="url" value="http://bt.gamesir.com/" display="GameSir &amp; HELL" infotip="=GameSir= 遊戲動漫聯合 BitTorrent 發佈頁"/>
			<GreedLand type="url" value="http://bt.greedland.net/" display="貪婪大陸" infotip="貪婪大陸 - BT 發佈區"/>
			<imagegarden type="url" value="http://www.imagegarden.net/bt/" display="伊美姬網怡紅快綠" infotip="下載音樂的絕好的地方，以APE為主"/>
			<ydy type="url" value="http://bt.ydy.com/" display="伊甸园BT&amp;字幕下载区" infotip="伊甸园BT&amp;字幕下载区"/>
			<zingking type="url" value="http://bt.zingking.com/" display="影音休闲中心" infotip=""/>
			<ktxp type="url" value="http://bt.ktxp.com/" display="极影动漫BT" infotip="-=极影动漫BT=- 最新动漫下载"/>
		</WebSite>

		<WebSitebig5 expend="true" display="繁體 Torrent 資源發佈網站" infotip="瀏覽各大繁體 BT 網站...">
			<HKP2P type="url" value="http://hkp2p.unet2.org/" display="HK@P2P-Forum" infotip="全球繁體網站排名第 28 位(unet2.org)"/>
			<HKP2P type="url" value="http://www.plusbb.com/" display="PlusBB" infotip="BT专业论坛"/>
			<btzone type="url" value="http://btzone.no-ip.com/" display="BTzone" infotip="BTzone(btzone.no-ip.com)"/>
			<atbbad type="url" value="http://hkatb.adsldns.org/index.php?c=5/" display="戀愛櫻之社 BT 區" infotip="戀愛櫻之社 BT 區(hkatb.adsldns.org)"/>
			<atbbad type="url" value="http://bt.mcyzone.net/" display="McyZone BT論壇" infotip="McyZone 論壇(bbs.mcyzone.net)"/>
		</WebSitebig5>

		<SearchEngine expend="true" display="Torrent 搜尋" infotip="搜尋 BT 資源下載...">
			<BTChina type="url" value="http://search.52bt.net/" display="BT @ China 聯盟搜尋引擎" infotip="BT @ China 聯盟搜尋引擎"/>
			<BiTower type="url" value="http://www.bitower.com/" display="BT守望者(BiTower)" infotip="BT 守望者(BiTower) - BT 搜尋引擎"/>
			<BTChina type="url" value="http://bt.btchina.net/" display="BT @ China" infotip="BT 和 DC++ 愛好者"/>
			<BThjbt type="url" value="http://www.hjbt.net/" display="黃金BT搜索引擎" infotip="黃金BT搜索引擎"/>
		</SearchEngine>

		<HomePage type="url" value="http://www.bitcomet.com/index-zh.htm" display="BitComet 軟件主頁" infotip="BitComet 更新、支持...">
			<BitCometHomePage type="url" value="http://www.bitcomet.com/index-zh.htm" display="BitComet 官方主頁" infotip="瀏覽 BitComet 官方主頁"/>
			<BitCometSupport type="url" value="http://bbs.btchina.net/forumdisplay.php?s=&amp;forumid=82" display="BitComet 技術支持論壇" infotip="BitComet 技術支持中文論壇（作者沒有支持義務，但歡迎大家討論）"/>
		</HomePage>
	</Favourite>
</BitComet>
