﻿<?xml version="1.0" encoding="utf-8"?>
<BitComet Author="MONOSY" Version="0.1">
	<Favourite>
		<WebSite display="웹사이트" infotip="웹사이트..">
			<kimhwa type="url" value="http://www.kimhwa.com/" display="김화 당나귀 사이트"/>
			<carrot52 type="url" value="http://f-prot.wo.to/" display="당근오이 사이트"/>
                        <faq type="url" value="http://dessent.net/btfaq/" display="bittorrent FAQ 사이트"/>
		</WebSite>
		<SearchEngine display="Torrent 검색" infotip="Torrent 파일 검색...">
			<torrentlinks type="url" value="http://search.suprnova.org/" display="suprnova.org 검색" infotip="BitTorrent 파일 자료 검색..."/>
		</SearchEngine>
			<HomePage type="url" icon="4" value="http://www.bitcomet.com/" display="BitComet 홈페이지" infotip="BitComet 홈페이지...">
			<BitCometHomePage type="url" value="http://www.bitcomet.com/" display="BitComet 홈페이지" />
			<BitCometForums type="url" value="http://bitcomet.p2pforums.com" display="BitComet 포럼" />
		</HomePage>
	</Favourite>
</BitComet>
