﻿<?xml version="1.0" encoding="utf-8"?>
<BitComet Author="RnySmile" Translator="Anthony Dragoev" Version="0.1">
	<Favourite>
		<ChatRooms expend="true" icon="14" display="Chat-стай" infotip="Разгледай chat-стайте...">
			<Mirror type="torrent_url" value="http://www.bitcomet.com/chatrooms/bitcomet_zh_cn.torrent" display="BitComet chat-стая (тест)" infotip="Чатене за BitComet ^_^"/>
		</ChatRooms>
		<WebSite expend="true" display="Торент-сайтове" infotip="Разгледай торент-сайтове...">
			<arena-torrents type="url" value="http://www.arenabg.com/torrents/" display="www.arenabg.com/torrents" infotip="Торент-сайтът на Арена"/>
			<starnet-bg type="url" value="http://torrent.starnet-bg.com/" display="torrent.starnet-bg.com" infotip="Торент-сайтът на Starnet-bg"/>
			<torrents-bg type="url" value="http://www.torrents-bg.com/" display="www.torrents-bg.com" infotip="Торент-сайтът Torrents-bg"/>
			<torrents-bg type="url" value="http://torrents.find-bg.com/" display="torrents.find-bg.com" infotip="Торент-сайтът на Find-bg"/>
			<suprnova type="url" value="http://www.suprnova.org/" display="Suprnova.org" infotip="Чудесен сайт с много нови .torrents добавяни всеки ден"/>
			<voracity type="url" value="http://voracity.net/" display="voracity.net" infotip="Неутолим апетит за дейност или занимание"/>
			<torrentbits type="url" value="http://www.torrentbits.org/browse.php" display="TorrentBits" infotip="Мястото, където колкото повече share-ваш толкова повече взимаш"/>
			<animesuki type="url" value="http://www.animesuki.com/" display="AnimeSuki.com" infotip="BitTorrent @ AnimeSuki.com"/>
			<bytemonsoon type="url" value="http://www.bytemonsoon.net/" display="Bytemonsoon.net" infotip="Още един добър сайт, който поства всичките си .torrents във вид на форум"/>
			<torrentskickass type="url" value="http://www.torrentskickass.com/" display="torrentskickass.com" infotip="torrentskickass.com"/>
			<torrentreactor type="url" value="http://torrentreactor.com/" display="torrentreactor.com" infotip="torrentreactor.com"/>
			<thdawn type="url" value="http://bittorrent.7thdawn.net/" display="bittorrent.7thdawn.net" infotip="Още един сайт, който поства всичките си .torrents във вид на форум"/>
			<torrentreactor type="url" value="http://torrentreactor.com/" display="torrentreactor.com" infotip="torrentreactor.com"/>
			<Sharelive type="url" value="http://www5.sharelive.com/" display="www5.sharelive.com" infotip="Изисква регистрация, за да се използва"/>
			<hawkies-world type="url" value="http://www.forum2.hawkies-world.com/" display="Hawkie World" infotip="Изисква регистрация, за да се използва"/>
			<phoenix-torrents type="url" value="http://www.phoenix-torrents.com/" display="phoenix-torrents" infotip="Изисква регистрация, за да се използва"/>
			<isohunt.com type="url" value="http://isohunt.com/" display="isohunt.com" infotip="isohunt.com..."/>
			<piratbyran type="url" value="http://tracker.piratbyran.org" display="The Pirate Bay" infotip="Най-големият bittorrent tracker на шведски"/>
		</WebSite>
		<SearchEngine expend="true" display="Торент-търсене" infotip="Намери други торент-сайтове...">
			<torrentlinks type="url" value="http://www.torrentlinks.com/" display="torrentlinks.com" infotip="Намери други торент-сайтове..."/>
			<n4p type="url" value="http://www.n4p.com/" display="www.n4p.com" infotip="Търсене на торенти..."/>
		</SearchEngine>
		<GeneralSite expend="true" display="P2P Общ сайт" infotip="P2P Общ сайт...">
			<Slyck type="url" value="http://www.slyck.com/" display="Slyck" infotip="Slyck - Новини и информация за шернати файлове"/>
		</GeneralSite>
		<HomePage expend="true" type="url" value="http://www.bitcomet.com/" display="BitComet Home-страница" infotip="BitComet Актуализации, Поддръжка...">
			<BitCometHomePage type="url" value="http://www.bitcomet.com/" display="BitComet Home-страница" />
			<BitCometForums type="url" value="http://bitcomet.p2pforums.com" display="BitComet Форуми" />
		</HomePage>
	</Favourite>
</BitComet>
