<?xml version="1.0" encoding="utf-8"?>
<BitComet Author="RnySmile" Translator="PiaSkun and Poke" Version="0.3">
	<Favourite>
		<ChatRooms icon="14" display="Kanały Pogawędek" infotip="Przeglądaj kanały Pogawędek">
			<Mirror type="torrent_url" value="http://www.bitcomet.com/chatrooms/bitcomet_zh_cn.torrent" display="Kanały Pogawędek BitComet" infotip="Podyskutujmy o BitComecie"/>
		</ChatRooms>
		<WebSite expend="true" display="Strony z Torrentami" infotip="Strony z Torrentami">
   	        <Links expend="true" display="Polskie" infotip="Polskie strony torrentowe">
				<pt type="url" value="http://216.32.71.218/" display="Polish Tracker Org" infotip="Bardzo dobry"/>
				<et type="url" value="http://ris.elsat.net.pl/" display="Extream Torrents" infotip="Mała forma, dużo treści"/>
				<og type="url" value="http://www.torrent.go.pl/" display="Torrent.go.pl" infotip="Polska strona z Torrentami"/>
			</Links>
   	        <Links expend="true" display="Zagraniczne popularne" infotip="Zagraniczne strony nie wymagające rejestracji">
				<tz type="url" value="http://www.torrentz.com/" display="Torrentz" infotip="Dobra strona - następca Suprnovej"/>
				<tr type="url" value="http://www.torrentreactor.net/" display="Torrent Reactor" infotip="Dobry, solidny i popularny"/>
				<tz type="url" value="http://www.torrentstop.com/" display="Torrent Stop" infotip="Bardzo dobry mirror Loki'ego"/>
			</Links>
   	        <Links expend="true" display="Najlepsze strony z rejestracją" infotip="Zagraniczne strony wymagające rejestracji lecz oferujące to co najlepsze">
				<bits2 type="url" value="http://www.torrentbits2.org/" display="TorrentBits" infotip="Super nowości - wymaga rejestracji"/>
				<eli type="url" value="http://www.elitetorrents.org/" display="Elite Torrents" infotip="Interesująca strona - wymaga rejestracji"/>
				<filelist type="url" value="http://www.filelist.org/" display="FileList" infotip="Bardzo wysoki transfer, super nowości - wymaga rejestracji"/>
				<pb type="url" value="http://www.thepiratebay.org/" display="The Pirate Bay" infotip="Dobra strona - wymaga rejestracji"/>
				<loki type="url" value="http://www.lokitorrent.com/" display="Loki Torrent" infotip="Duży katalog - wymaga rejestracji"/>
				<larz type="url" value="http://www.larz2k.com/" display="LarZ2k" infotip="Stosunkowo ciekawe rzeczy  - wymaga rejestracji"/>
				<tmx type="url" value="http://www.torrentmatrix.com/" display="TorrentMatrix" infotip="Ciekawy tracker, duży wybór  - wymaga rejestracji"/>
				<dam type="url" value="http://www.bittorrent.damage-web.net/" display="Torrent Damage" infotip="Ciekawy tracker, duży wybór  - wymaga rejestracji"/>
				
			</Links>
   	        <Links expend="true" display="Specjalizowane" infotip="Strony sprofilowane">
				<torrentskickass type="url" value="http://www.torrentskickass.com/" display="Torrentskickass" infotip="Torrentskickass - wymaga rejestracji"/>
				<animesuki type="url" value="http://www.animesuki.com/" display="AnimeSuki" infotip="Raj Anime"/>
			</Links>

		</WebSite>
		<SearchEngine display="Wyszukiwarki Torrentów" infotip="Znajdź inne strony o tematyce Torrenta">
			<ts type="url" value="http://www.torrentsearch.us/" display="Torrent Search" infotip="Dobra wyszukiwarka - następca Suprnovej (?)"/>
			<torrentlinks type="url" value="http://www.torrentlinks.com/" display="TorrentLinks" infotip="Znajdź inne strony Torrentowe"/>
			<isohunt.com type="url" value="http://isohunt.com/" display="IsoHunt" infotip="Dobra wyszukiwarka"/>
		</SearchEngine>
		<GeneralSite display="Strony ogólne P2P" infotip="Strony ogólne o P2P">
			<Slyck type="url" value="http://www.slyck.com/" display="Slyck" infotip="Wszystko o współdzieleniu plików"/>
		</GeneralSite>
		<HomePage type="url" value="http://www.bitcomet.com/" display="Strona domowa BitCometa" infotip="Nowe wersje BitCometa, wsparcie techniczne">
			<BitCometHomePage type="url" value="http://www.bitcomet.com/" display="Strona domowa BitCometa" />
			<BitCometForums type="url" value="http://bitcomet.p2pforums.com/" display="Forum BitCometa" />
		</HomePage>
	</Favourite>
</BitComet>

