<?xml version="1.0" encoding="utf-8"?>
<BitComet Author="RnySmile" Version="0.1">
	<Favourite>
		<ChatRooms expend="true" icon="14" display="Csevely szobák" infotip="Tallózás a csevegőszobák között..."><Mirror type="torrent_url" value="http://www.bitcomet.com/chatrooms/bitcomet_zh_cn.torrent" display="BitComet Csevelyszoba (Teszt)" infotip="Csevegés a BitCometről ^_^"/></ChatRooms><WebSite expend="true" display="Torrent Oldalak" infotip="Tallózás a Torrents oldalak között..."><suprnova type="url" value="http://www.suprnova.org/" display="Suprnova.org" infotip="Egy bámulatos oldal sok új .torrentel napi frissitéssel."/><voracity type="url" value="http://voracity.net/" display="voracity.net" infotip="Kielégithetettlen vágyat érzel itt a kutatásra és ténykedésre"/><torrentbits type="url" value="http://www.torrentbits.org/browse.php" display="TorrentBits" infotip="Ez a hely ahol több megosztásból válogathatsz"/><animesuki type="url" value="http://www.animesuki.com/" display="AnimeSuki.com" infotip="BitTorrent @ AnimeSuki.com"/><bytemonsoon type="url" value="http://www.bytemonsoon.net/" display="Bytemonsoon.net" infotip="Egy másik jó oldal ahol postázzák a .torrenteket fórum stilusban"/><torrentskickass type="url" value="http://www.torrentskickass.com/" display="torrentskickass.com" infotip="torrentskickass.com"/><torrentreactor type="url" value="http://torrentreactor.com/" display="torrentreactor.com" infotip="torrentreactor.com"/><thdawn type="url" value="http://bittorrent.7thdawn.net/" display="bittorrent.7thdawn.net" infotip="Másik fórum stílusú megosztás oldal."/><torrentreactor type="url" value="http://torrentreactor.com/" display="torrentreactor.com" infotip="torrentreactor.com"/><Sharelive type="url" value="http://www5.sharelive.com/" display="www5.sharelive.com" infotip="Regisztrációt igényel a használata"/><hawkies-world type="url" value="http://www.forum2.hawkies-world.com/" display="Hawkie Világ" infotip="Regisztrációt igényel a használata"/><phoenix-torrents type="url" value="http://www.phoenix-torrents.com/" display="phoenix-torrents" infotip="Regisztrációt igényel a használata"/><isohunt.com type="url" value="http://isohunt.com/" display="isohunt.com" infotip="isohunt.com..."/><piratbyran type="url" value="http://tracker.piratbyran.org" display="A Kalóz Öböl" infotip="A legnagyobb svéd Bittorrent tracker"/></WebSite><SearchEngine expend="true" display="Torrent Kereső" infotip="Más Torrent oldal felkutatása..."><torrentlinks type="url" value="http://www.torrentlinks.com/" display="torrentlinks.com" infotip="Más Torrent oldalak felkutatása..."/><n4p type="url" value="http://www.n4p.com/" display="www.n4p.com" infotip="Torrentek keresése..."/></SearchEngine><GeneralSite expend="true" display="P2P Általános Oldal" infotip="P2P Általános Oldal..."><Slyck type="url" value="http://www.slyck.com/" display="Slyck" infotip="Slyck - Fájl Megosztás Hírek,Információk"/></GeneralSite><HomePage expend="true" type="url" value="http://www.bitcomet.com/" display="BitComet Honlap" infotip="BitComet Frissités, Támogatás..."><BitCometHomePage type="url" value="http://www.bitcomet.com/" display="BitComet Honlap"/><BitCometForums type="url" value="http://bitcomet.p2pforums.com" display="BitComet Fórumok"/></HomePage></Favourite>
</BitComet>
