<?xml version="1.0" encoding="utf-8"?>
<BitComet Author="RnySmile" Version="0.1">
	<Favourite>
		<ChatRooms expend="true" icon="14" display="Chat Rooms" infotip="Browse Chat Rooms...">
			<Mirror type="torrent_url" value="http://www.bitcomet.com/chatrooms/bitcomet_zh_cn.torrent" display="BitComet Chat Room (Test)" infotip="Chatting about BitComet ^_^"/>
		</ChatRooms>
		<WebSite expend="true" display="Torrent Sites" infotip="Browse Torrents Sites...">
			<ZonaDivX type="url" value="http://www.zonadivx.com/" display="ZonaDivX.com" infotip="ZonaDivX"/>
			<LimiteDivX type="url" value="http://www.limitedivx.com/" display="LimiteDivX.com" infotip="LimiteDivX"/>
			<Port2060 type="url" value="http://www.port2060.com" display="Port2060.com" infotip="Port2060"/>
			<AdictoBT type="url" value="http://www.adictobt.dynu.com/" display="AdictoBT.com" infotip="AdictoBT"/>
			<Torrentz type="url" value="http://www.torrentz.com" display="Torrentz.com" infotip="Torrentz"/>
			<suprnova type="url" value="http://www.suprnova.org/" display="Suprnova.org" infotip="An awesome site with plenty of new torrents being added every day."/>
			<voracity type="url" value="http://voracity.net/" display="voracity.net" infotip="an insatiable appetite for an activity or pursuit"/>
			<torrentbits type="url" value="http://www.torrentbits.org/browse.php" display="TorrentBits" infotip="the place where the more your share the more you will get"/>
			<animesuki type="url" value="http://www.animesuki.com/" display="AnimeSuki.com" infotip="BitTorrent @ AnimeSuki.com"/>
			<bytemonsoon type="url" value="http://www.bytemonsoon.net/" display="Bytemonsoon.net" infotip="Another good site that posts all of their .torrents to a forum style board"/>
			<torrentskickass type="url" value="http://www.torrentskickass.com/" display="torrentskickass.com" infotip="torrentskickass.com"/>
			<torrentreactor type="url" value="http://torrentreactor.com/" display="torrentreactor.com" infotip="torrentreactor.com"/>
			<thdawn type="url" value="http://bittorrent.7thdawn.net/" display="bittorrent.7thdawn.net" infotip="Another forum style distribution site."/>
			<torrentreactor type="url" value="http://torrentreactor.com/" display="torrentreactor.com" infotip="torrentreactor.com"/>
			<Sharelive type="url" value="http://www5.sharelive.com/" display="www5.sharelive.com" infotip="requires registration to use"/>
			<hawkies-world type="url" value="http://www.forum2.hawkies-world.com/" display="Hawkie World" infotip="requires registration to use"/>
			<phoenix-torrents type="url" value="http://www.phoenix-torrents.com/" display="phoenix-torrents" infotip="requires registration to use"/>
			<isohunt.com type="url" value="http://isohunt.com/" display="isohunt.com" infotip="isohunt.com..."/>
			<piratbyran type="url" value="http://tracker.piratbyran.org" display="The Pirate Bay" infotip="largest bittorrent tracker in swedish"/>
		</WebSite>
		<SearchEngine expend="true" display="Torrent Search" infotip="Find Other Torrent Site...">
			<Btsites type="url" value="http://www.btsites.tk/" display="Btsites.tk" infotip="Btsites"/>
			<torrentlinks type="url" value="http://www.torrentlinks.com/" display="torrentlinks.com" infotip="Find Other Torrent Site..."/>
			<n4p type="url" value="http://www.n4p.com/" display="www.n4p.com" infotip="Search for torrents..."/>
		</SearchEngine>
		<GeneralSite expend="true" display="P2P General Site" infotip="P2P General Site...">
			<Slyck type="url" value="http://www.slyck.com/" display="Slyck" infotip="Slyck - File Sharing News and Info"/>
		</GeneralSite>
		<HomePage expend="true" type="url" value="http://www.bitcomet.com/" display="BitComet HomePage" infotip="BitComet Update, Support...">
			<BitCometHomePage type="url" value="http://www.bitcomet.com/" display="BitComet Homepage" />
			<BitCometForums type="url" value="http://bitcomet.p2pforums.com" display="BitComet Forums" />
		</HomePage>
	</Favourite>
</BitComet>
