<?xml version="1.0" encoding="utf-8"?>
<BitComet Author="RnySmile" Version="0.1">
	<Favourite>
		<ChatRooms expend="true" icon="14" display="Salas de Chat" infotip="Explora salas de chat...">
			<Mirror type="torrent_url" value="http://www.bitcomet.com/chatrooms/bitcomet_zh_cn.torrent" display="Salas de chat BitComet (Test)" infotip="Chatea sobre BitComet ^_^"/>
		</ChatRooms>
		<WebSite expend="true" display="Sitios de Torrents" infotip="Explora los sitios sobre torrents...">
			<elmejorwarez type="url" value="http://www.elmejorwarez.org/principal.php" display="El Mejor Warez.org" infotip="Comunidad Española de bitTorrent."/>
			<suprnova type="url" value="http://www.suprnova.org/" display="Suprnova.org" infotip="Un sitio enorme(el mayor) con muchos torrents nuevos al dia."/>
			<voracity type="url" value="http://voracity.net/" display="voracity.net" infotip="an insatiable appetite for an activity or pursuit"/>
			<torrentbits type="url" value="http://www.torrentbits.org/browse.php" display="TorrentBits" infotip="the place where the more your share the more you will get"/>
			<animesuki type="url" value="http://www.animesuki.com/" display="AnimeSuki.com" infotip="BitTorrent @ AnimeSuki.com"/>
			<bytemonsoon type="url" value="http://www.bytemonsoon.net/" display="Bytemonsoon.net" infotip="Another good site that posts all of their .torrents to a forum style board"/>
			<torrentskickass type="url" value="http://www.torrentskickass.com/" display="torrentskickass.com" infotip="torrentskickass.com"/>
			<torrentreactor type="url" value="http://torrentreactor.com/" display="torrentreactor.com" infotip="torrentreactor.com"/>
			<thdawn type="url" value="http://bittorrent.7thdawn.net/" display="bittorrent.7thdawn.net" infotip="Another forum style distribution site."/>
			<torrentreactor type="url" value="http://torrentreactor.com/" display="torrentreactor.com" infotip="torrentreactor.com"/>
			<Sharelive type="url" value="http://www5.sharelive.com/" display="www5.sharelive.com" infotip="requires registration to use"/>
			<hawkies-world type="url" value="http://www.forum2.hawkies-world.com/" display="Hawkie World" infotip="requires registration to use"/>
			<phoenix-torrents type="url" value="http://www.phoenix-torrents.com/" display="phoenix-torrents" infotip="requires registration to use"/>
			<isohunt.com type="url" value="http://isohunt.com/" display="isohunt.com" infotip="isohunt.com..."/>
			<piratbyran type="url" value="http://tracker.piratbyran.org" display="The Pirate Bay" infotip="largest bittorrent tracker in swedish"/>
		</WebSite>
		<SearchEngine expend="true" display="Busqueda de Torrents" infotip="Busca otros sitios sobre torrents...">
			<torrentlinks type="url" value="http://www.torrentlinks.com/" display="torrentlinks.com" infotip="Busca otros sitios sobre torrents..."/>
			<n4p type="url" value="http://www.n4p.com/" display="www.n4p.com" infotip="Busca torrents..."/>
		</SearchEngine>
		<GeneralSite expend="true" display="Sitio general sobre P2P" infotip="Sitio general sobre P2P...">
			<Slyck type="url" value="http://www.slyck.com/" display="Slyck" infotip="Slyck - File Sharing News and Info"/>
		</GeneralSite>
		<HomePage expend="true" type="url" value="http://www.bitcomet.com/" display="Pagina Oficial de BitComet" infotip="BitComet Actualizaciones, Soporte...">
			<BitCometHomePage type="url" value="http://www.bitcomet.com/" display="BitComet Homepage" />
			<BitCometForums type="url" value="http://bitcomet.p2pforums.com" display="BitComet Forums" />
		</HomePage>
	</Favourite>
</BitComet>
