﻿<?xml version="1.0" encoding="utf-8"?>
<BitComet Author="RnySmile" Translator="iQuE" Version="0.1">
	<Favourite>
		<ChatRooms expend="true" icon="14" display="Salas de Chat" infotip="Listar salas de Chat...">
			<Mirror type="torrent_url" value="http://www.bitcomet.com/chatrooms/bitcomet_zh_cn.torrent" display="BitComet Chat Room (Test)" infotip="Bate-papo sobre o BitComet ^_^"/>
		</ChatRooms>
		<WebSite expend="true" display="Sites de Torrents" infotip="Listar sites de Torrents...">
			<suprnova type="url" value="http://www.suprnova.org/" display="Suprnova.org" infotip="Excelente site com várias novas torrents adicionadas a cada dia"/>
                         <elitewebt3 type="url" value="http://www.elitewebt3.com/" display="elitwebt3" infotip="Site espanhol com boas torrents"/>
			<animesuki type="url" value="http://www.animesuki.com/" display="AnimeSuki.com" infotip="BitTorrent @ AnimeSuki.com"/>
			<bytemonsoon type="url" value="http://www.bytemonsoon.net/" display="Bytemonsoon.net" infotip="Outro bom site que posta suas torrents num estilo de fórum"/>
			<torrentskickass type="url" value="http://www.torrentskickass.com/" display="torrentskickass.com" infotip="torrentskickass.com"/>
			<torrentreactor type="url" value="http://torrentreactor.com/" display="torrentreactor.com" infotip="torrentreactor.com"/>
			<thdawn type="url" value="http://bittorrent.7thdawn.net/" display="bittorrent.7thdawn.net" infotip="Outro site de distribuição no estilo de fórum"/>
			<torrentreactor type="url" value="http://torrentreactor.com/" display="torrentreactor.com" infotip="torrentreactor.com"/>
			<Sharelive type="url" value="http://www5.sharelive.com/" display="www5.sharelive.com" infotip="requer registro para usar"/>
			<hawkies-world type="url" value="http://www.forum2.hawkies-world.com/" display="Hawkie World" infotip="requer registro para usar"/>
			<phoenix-torrents type="url" value="http://www.phoenix-torrents.com/" display="phoenix-torrents" infotip="requer registro para usar"/>
			<isohunt.com type="url" value="http://isohunt.com/" display="isohunt.com" infotip="isohunt.com..."/>
			<voracity type="url" value="http://voracity.net/" display="voracity.net" infotip="an insatiable appetite for an activity or pursuit"/>
		</WebSite>
		<SearchEngine expend="true" display="Busca de Torrents" infotip="Busca outros sites de Torrent...">
			<torrentlinks type="url" value="http://www.torrentlinks.com/" display="torrentlinks.com" infotip="Encontrar outros sites de Torrent..."/>
			<n4p type="url" value="http://www.n4p.com/" display="www.n4p.com" infotip="Procurar torrents..."/>
		</SearchEngine>
		<GeneralSite expend="true" display="Sites sobre P2P" infotip="Sites sobre P2P em geral...">
			<Slyck type="url" value="http://www.slyck.com/" display="Slyck" infotip="Slyck - Novidades e informações sobre compartilhamento de arquivos"/>
		</GeneralSite>
		<HomePage expend="true" type="url" icon="4" value="http://www.bitcomet.com/" display="BitComet HomePage" infotip="Atualizações do BitComet, suporte...">
			<BitCometHomePage type="url" value="http://www.bitcomet.com/" display="BitComet Homepage" />
			<BitCometForums type="url" value="http://www.p2pforums.com/viewforum.php?c=10" display="BitComet Forums" />
		</HomePage>
	</Favourite>
</BitComet>
