﻿<?xml version="1.0" encoding="utf-8"?>
<BitComet Author="RnySmile" Version="0.1">
	<Favourite>
		<ChatRooms expend="true" icon="14" display="Čvekanje" infotip="">
			<Mirror type="torrent_url" value="http://www.bitcomet.com/chatrooms/bitcomet_sl_si.torrent" display="BitComet čvekalnica (Test)" infotip=""/>
		</ChatRooms>
		<SloStuff expend="true" display="Slovenske strani" infotip="Slovenska p2p scena">
			<slofs type="url" value="http://www.slo-filesharing.com/" display="Slo-FileSharing" infotip="Slovenska stran o p2p sceni"/>
			<slofstracker type="url" value="http://slofs-tracker.org/browse.php" display="SloFS Tracker" infotip="Slovenski tracker ;)"/>
		</SloStuff>
		<WebSite expend="true" display="Povezave" infotip=".torrent strani...">
			<suprnova type="url" value="http://www.suprnova.org/" display="SuprNova" infotip=""/>
			<torrentbits type="url" value="http://www.torrentbits.org/browse.php" display="TorrentBits" infotip=""/>
			<piratbyran type="url" value="http://tracker.piratbyran.org" display="The Pirate Bay" infotip=""/>
			<voracity type="url" value="http://voracity.net/" display="voracity.net" infotip=""/>
			<animesuki type="url" value="http://www.animesuki.com/" display="AnimeSuki" infotip=""/>
			<bytemonsoon type="url" value="http://www.bytemonsoon.net/" display="Bytemonsoon" infotip=""/>
			<torrentskickass type="url" value="http://www.torrentskickass.com/" display="torrentskickass.com" infotip=""/>
			<torrentreactor type="url" value="http://torrentreactor.com/" display="torrentreactor.com" infotip=""/>
			<thdawn type="url" value="http://bittorrent.7thdawn.net/" display="bittorrent.7thdawn.net" infotip=""/>
			<Sharelive type="url" value="http://www5.sharelive.com/" display="www5.sharelive.com" infotip=""/>
			<hawkies-world type="url" value="http://www.forum2.hawkies-world.com/" display="Hawkie World" infotip=""/>
			<phoenix-torrents type="url" value="http://www.phoenix-torrents.com/" display="phoenix-torrents" infotip=""/>
			<isohunt.com type="url" value="http://isohunt.com/" display="isohunt.com" infotip=""/>
		</WebSite>
		<SearchEngine expend="true" display="Iskanje .torrentov" infotip="">
			<torrentlinks type="url" value="http://www.torrentlinks.com/" display="torrentlinks" infotip=""/>
			<n4p type="url" value="http://www.n4p.com/" display="n4p" infotip=""/>
		</SearchEngine>
		<GeneralSite expend="true" display="Ostale strani o p2p sceni" infotip="">
			<Slyck type="url" value="http://www.slyck.com/" display="Slyck" infotip=""/>
			<Slyck type="url" value="http://www.zeropaid.com/" display="ZeroPaid" infotip=""/>
			<Slyck type="url" value="http://www.nforce.nl/" display="NFOrce" infotip=""/>
			<Slyck type="url" value="http://www.vcdquality.com/" display="VCDQuality" infotip=""/>
		</GeneralSite>
	</Favourite>
</BitComet>
