﻿<?xml version="1.0" encoding="utf-8"?>
<BitComet Author="RnySmile" Translator="orginal translation Stefan Vysocki(polska999)" Version="0.56">
	<Favourite>
		<ChatRooms expend="true" icon="14" display="Каналы чата" infotip="Взгляни на каналы чата...">
			<Mirror type="torrent_url" value="http://www.bitcomet.com/chatrooms/bitcomet_zh_cn.torrent" display="Каналы чата BitComet (тестовый)" infotip="Говорим о BitComet..."/>
		</ChatRooms>
		<WebSite display="Сайты с торрентами" infotip="Сайты с торрентами...">
               <kinozal.com type="url" value="http://www.kinozal.com/" display="Кинозал" infotip="Международный русскоязычный торрент ресурс. Игры,Фильмы,Музыка,Разное..."/>
                <kov4eg.net type="url" value="http://kov4eg.net/" display="Ковчег удачи" infotip="Русскоязычный торрент ресурс.Фильмы,Музыка,Софт,Игры,Разное..."/>
                <rusdivx.ee type="url" value="http://www.rusdivx.ee/ibf/" display="Rusdivx" infotip="Russian digital movie alliance.Фильмы "/>
             <sharelita.net type="url" value="http://sharelita.net/" display="Sharelita" infotip="Русскоязычный торрент,Е-Мule ресурс.Фильмы,Музыка,Софт,Игры,Разное..."/>
              <rusboard.com type="url" value="http://bittorrent.rusboard.com/" display="Rusboard" infotip="Rusboard bittorrent.Фильмы,Музыка,Софт,Игры,Разное..."/>
                    <bg.com type="url" value="http://torrents-bg.com/" display="torrent-BG" infotip="Tоррент ресурс.Фильмы,Музыка...(Бывает на русском)"/>
                <upashi.com type="url" value="http://www.upashi.com/" display="У дяди Паши" infotip="Русскоязычный торрент ресурс.Фильмы."/>
                 <hodka.com type="url" value="http://www.hodka.com/" display="Третья ходка" infotip="Русскоязычный торрент ресурс.Фильмы"/>
                  <lutsk.ua type="url" value="http://vialand.in.lutsk.ua/" display="ViALand" infotip="Русскоязычный торрент ресурс.Разное..."/>
                 <index.php type="url" value="http://reliz.panteon4u.net/index.php" display="Пантеон" infotip="Русскоязычный торрент ресурс.Фильмы,Музыка."/>
                <dtiltas.lt type="url" value="http://bt.dtiltas.lt/" display="BT club" infotip="Русскоязычный торрент ресурс BT CLUB."/>
              <suprnova.org type="url" value="http://www.suprnova.org/" display="SuprNova" infotip="Games,Movies,TV-Shows,Anime,Musik,Apps,Comics,Misk.(Один из крупнейших тoррент ресурсов)"/>
                  <voracity type="url" value="http://voracity.net/" display="voracity.net" infotip="an insatiable appetite for an activity or pursuit"/>
	       <torrentbits type="url" value="http://www.torrentbits.org/browse.php" display="TorrentBits" infotip="the place where the more your share the more you will get"/>
		 <animesuki type="url" value="http://www.animesuki.com/" display="AnimeSuki.com" infotip="BitTorrent @ AnimeSuki.com"/>
	       <bytemonsoon type="url" value="http://www.bytemonsoon.net/" display="Bytemonsoon.net" infotip="Another good site that posts all of their .torrents to a forum style board"/>
	   <torrentskickass type="url" value="http://www.torrentskickass.com/" display="torrentskickass.com" infotip="torrentskickass.com"/>
	    <torrentreactor type="url" value="http://torrentreactor.com/" display="torrentreactor.com" infotip="torrentreactor.com"/>
		    <thdawn type="url" value="http://bittorrent.7thdawn.net/" display="bittorrent.7thdawn.net" infotip="Another forum style distribution site."/>
	    <torrentreactor type="url" value="http://torrentreactor.com/" display="torrentreactor.com" infotip="torrentreactor.com"/>
		 <Sharelive type="url" value="http://www5.sharelive.com/" display="www5.sharelive.com" infotip="requires registration to use"/>
	     <hawkies-world type="url" value="http://www.forum2.hawkies-world.com/" display="Hawkie World" infotip="requires registration to use"/>
	  <phoenix-torrents type="url" value="http://www.phoenix-torrents.com/" display="phoenix-torrents" infotip="requires registration to use"/>
	       <isohunt.com type="url" value="http://isohunt.com/" display="isohunt.com" infotip="isohunt.com..."/>
		<piratbyran type="url" value="http://tracker.piratbyran.org" display="The Pirate Bay" infotip="largest bittorrent tracker in swedish"/>
		</WebSite>
		<SearchEngine display="Поиск торрентов" infotip="Найдешь другие сайты с торрентами...">
			<torrentlinks type="url" value="http://www.torrentlinks.com/" display="torrentlinks.com" infotip="Найдешь другие сайты с торрентами..."/>
		</SearchEngine>
		<GeneralSite display="Информация о P2P" infotip="Сайты с общей информацией о P2P...">
			<Slyck type="url" value="http://www.slyck.com/" display="Slyck" infotip="Slyck - Познавательно-информационный сайт, все о Р2Р"/>
		</GeneralSite>
		<HomePage type="url" value="http://www.bitcomet.com/" display="Все о BitComet" infotip="BitComet Обновления ,техничесская поддержка...">
			<BitCometHomePage type="url" value="http://www.bitcomet.com/" display="Домашняя страница BitCometa" />
			<BitCometForums type="url" value="http://bitcomet.p2pforums.com/" display="Форум BitCometa" />
		</HomePage>
	</Favourite>
</BitComet>

