﻿<?xml version="1.0" encoding="utf-8"?>
<BitComet Author="RnySmile" Version="0.1">
	<Favourite>
		<Games expend="true" type="url" value="http://www.txwy.com/?bcl"  display="网页游戏" infotip="无需客户端，彗星通行证直接登录">
		<Mdbchina type="url" value="http://ww2.txwy.com/?bcl" display=" 二战总动员" infotip="封闭内测"/>
			<Mdbchina type="url" value="http://tf.txwy.com/?fuid=fa_jqrdz_bcl" display=" 机器人大战" infotip="首款机甲类网页游戏"/>
			<Mdbchina type="url" value="http://zs.txwy.com/?bcl" display=" 战神世界" infotip="彗星战神世界"/>
			<Mdbchina type="url" value="http://zq.txwy.com/?bcl" display=" 武林足球2" infotip="彗星武林足球2"/>
			<Mdbchina type="url" value="http://bl.txwy.com/?bcl" display=" 兵临城下" infotip="彗星兵临城下"/>
			<Mdbchina type="url" value="http://bto.txwy.com/?bcl" display=" 商业大亨" infotip="彗星兵临城下"/>
			<Mdbchina type="url" value="http://hero.txwy.com/?bcl" display=" 武林英雄" infotip="彗星武林英雄"/>
		</Games>		
		<Games expend="false" type="url" value="http://my.mdbchina.com/flash/?bcl"  display="休闲小游戏" infotip="精选小游戏">
			<mj type="url" value="http://my.mdbchina.com/flash/Class7?bcl" display="敏捷类" infotip="敏捷类"/>
			<cl type="url" value="http://my.mdbchina.com/flash/Class5?bcl" display="策略类" infotip="策略类"/>
			<ty type="url" value="http://my.mdbchina.com/flash/Class8?bcl" display="体育类" infotip="体育类"/>
			<yz type="url" value="http://my.mdbchina.com/flash/Class10?bcl" display="益智类" infotip="益智类"/>
			<xs type="url" value="http://my.mdbchina.com/flash/Class9?bcl" display="休闲类" infotip="休闲类"/>
			<et type="url" value="http://my.mdbchina.com/flash/Class6?bcl" display="儿童类" infotip="儿童类"/>
			<zz type="url" value="http://my.mdbchina.com/flash/Class11?bcl" display="战争类" infotip="战争类"/>
			<zj type="url" value="http://my.mdbchina.com/flash/Class12?bcl" display="专辑类" infotip="专辑类"/>
			<hz type="url" value="http://my.mdbchina.com/flash/Class73?bcl" display="化妆类" infotip="化妆类"/>
			<bs type="url" value="http://my.mdbchina.com/flash/class125?bcl" display="比赛类" infotip="比赛类"/>
		</Games>
		<pk1 type="url" value="http://down.52pk.com/xiazai/pcgame.shtml?f52pkf=bitcomet" display="单机游戏" infotip="单机游戏下载"/>
		<pk2 type="url" value="http://down.52pk.com/?f52pkf=bitcomet" display="网络游戏" infotip="热门网络游戏"/>
		<HomePage type="url" value="http://www.bitcomet.com/client/help/?item=forums&amp;from=fav&amp;l=zh_cn" display="BitComet软件论坛" infotip="BitComet软件中文论坛"/>
	</Favourite>
	<Filter>
		<item>mdbchina.com</item>
		<item>bitcomet.com</item>
	</Filter>
	<CometZoneMenu>
		<SEPARATOR/>
		<LinkPage ActionType="link" Parameter="http://www.mdbchina.cn/?menu" display="中国影视库"/>
		<LinkPage ActionType="link" Parameter="http://www.jprj.com/?menu" display="精品软件"/>
	</CometZoneMenu>
	<SearchToolbar>
		<s title="游戏" link="http://down.52pk.com/?f52pkf=bitcomet" html="http://down.52pk.com/plus/search.php?f52pkf=bitcomet&amp;charset=utf8&amp;keyword=${QUERY}" />
		<s title="软件" link="http://www.jprj.com" html="http://www.jprj.com/ruanjian_sousuo/?tn=bctop&amp;q=${QUERY}" />
	</SearchToolbar>
</BitComet>