<?xml version="1.0" encoding="utf-8"?>
<BitComet Author="RnySmile" Version="0.1">
    <Favourite>
        <WebSite expend="true" display="Torrent Sites" infotip="Browse Torrents Sites...">
            <torrents type="url" value="http://www.torrentspy.com" display="TorrentSpy" infotip="The Largest BitTorrent Search Engine" />
            <torrents type="url" value="http://www.isohunt.com/js/redir/BitComet.php" display="isoHunt" infotip="big search engine for any type of torrent" />
            <torrents type="url" value="http://www.torrentportal.com/" display="TorrentPortal" infotip="A great portal with alot of dedicated uploaders" />
		    <torrents type="url" value="http://www.mybittorrent.com" display="MyBitTorrent" infotip="MyBitTorrent" />
            <torrents type="url" value="http://www.seedler.org" display="seedler" infotip="seedler" />
			<torrents type="url" value="http://www.fulldls.com" display="fulldls" infotip="Your Source For Daily Torrent Downloads" />
            <torrents type="url" value="http://www.zoozle.org" display="zoozle" infotip="big search engine for any type of torrent" />
            <torrents type="url" value="http://www.bitenova.org" display="bitenova" infotip="bitenova" />
            <torrents type="url" value="http://www.mininova.org" display="Mininova" infotip="the place to come for torrents everyday" />
            <torrents type="url" value="http://www.torrentat.uni.cc" display="torrentat" infotip="arabic public tracker" />
        </WebSite>
        <HomePage expend="true" type="url" value="http://www.bitcomet.com/" display="&#913;&#961;&#967;&#953;&#954;&#942;&#32;&#963;&#949;&#955;&#943;&#948;&#945;&#32;&#964;&#959;&#965;&#32;BitComet" infotip="&#917;&#957;&#951;&#956;&#941;&#961;&#974;&#963;&#949;&#953;&#962;&#32;&#947;&#953;&#945;&#32;&#964;&#959;&#32;&#66;&#105;&#116;&#67;&#111;&#109;&#101;&#116;&#44;&#32;&#933;&#960;&#959;&#963;&#964;&#942;&#961;&#953;&#958;&#951;...">
            <BitCometHomePage type="url" value="http://www.bitcomet.com/" display="&#913;&#961;&#967;&#953;&#954;&#942;&#32;&#963;&#949;&#955;&#943;&#948;&#945;&#32;BitComet" />
            <BitCometForums type="url" value="http://bitcomet.p2pforums.com" display="&#916;&#951;&#956;&#972;&#963;&#953;&#945;&#32;&#931;&#965;&#950;&#942;&#964;&#951;&#963;&#951;&#32;BitComet" />
        </HomePage>
    </Favourite>
</BitComet>