<?xml version="1.0" encoding="utf-8"?>
<BitComet Author="RnySmile" Version="0.1">
	<Rules>
		<SlotsPerTask>
			<!-- when downloading, if the download rate below xx KB/s, 
			when uploading, if the upload rate below xx KB/s, 
			always keep xx connections for best peers (Per Torrent), 
			and allow max xx peer connections in total (Per Torrent)-->
			<a if_rate_below_kb="10"  slots_kept="15" slots_max="30" />
			<a if_rate_below_kb="40"  slots_kept="20" slots_max="40" />
			<a if_rate_below_kb="80"  slots_kept="30" slots_max="55" />
			<a if_rate_below_kb="150" slots_kept="40" slots_max="60" />
		</SlotsPerTask>
		<UploadSlotsGlobal>
			<!-- if the upload rate below xx KB/s,
			always keep xx upload slots for the fastest peers, 
			and open max xx upload slots in total-->
			<a if_rate_below_kb="40"  slots_kept="4"  slots_max="8" />
			<a if_rate_below_kb="50"  slots_kept="5"  slots_max="10" />
			<a if_rate_below_kb="60"  slots_kept="6"  slots_max="12" />
			<a if_rate_below_kb="80"  slots_kept="8"  slots_max="16" />
			<a if_rate_below_kb="100" slots_kept="15" slots_max="25" />
			<a if_rate_below_kb="150" slots_kept="23" slots_max="46" />
			<a if_rate_below_kb="200" slots_kept="30" slots_max="56" />
			<a if_rate_below_kb="250" slots_kept="40" slots_max="70" />
			<a if_rate_below_kb="400" slots_kept="60" slots_max="80" />
		</UploadSlotsGlobal>
	</Rules>
</BitComet>
