<?xml version="1.0" encoding="utf-8"?>
<BitComet Author="RnySmile" Version="0.1">
	<Favourite>
		<WebSite expend="true" display="Torrent Sites" infotip="Browse Torrents Sites...">
			
			<torrents type="url" value="http://www.atcomet.com/topic_p/torrent/?bcl" display="Toplist of Torrent Sites" infotip="Toplist of Torrent Sites" />
			<torrents type="url" value="http://www.atcomet.com/url_view/www.torrentroom.com/" display="TorrentRoom" infotip="" />
			<torrents type="url" value="http://www.atcomet.com/url_view/www.torrentbar.com/" display="TorrentBar" infotip="" />			
			<torrents type="url" value="http://www.atcomet.com/url_view/www.mininova.org/" display="mininova" infotip="" />
			<torrents type="url" value="http://www.atcomet.com/url_view/www.thepiratebay.org/browse/" display="ThePirateBay" infotip="" />
			<torrents type="url" value="http://www.atcomet.com/url_view/www.utorrentportal.org/" display="utorrentportal" infotip="utorrentportal" />
			<torrents type="url" value="http://www.atcomet.com/url_view/www.torrentreactor.net/" display="Torrent Reactor" infotip="Torrent Reactor" />
			<torrents type="url" value="http://www.atcomet.com/url_view/www.demonoid.com/" display="Demonoid" infotip="Demonoid" />
			<torrents type="url" value="http://www.atcomet.com/url_view/btjunkie.org/" display="BTjunkie" infotip="BTjunkie" />
			<torrents type="url" value="http://www.atcomet.com/url_view/www.sumotorrent.com/" display="SumoTorrent" infotip="SumoTorrent" />
			<torrents type="url" value="http://www.atcomet.com/url_view/btmon.com/" display="BitTorrentMonster" infotip="BitTorrentMonster" />
			<torrents type="url" value="http://www.atcomet.com/url_view/torrentportal.com/" display="Torrent Portal" infotip="Torrent Portal" />
			<torrents type="url" value="http://www.atcomet.com/url_view/www.torrentz.com/" display="Torrentz" infotip="" />
			<torrents type="url" value="http://www.atcomet.com/url_view/www.isohunt.com/" display="IsoHunt" infotip="" />
		</WebSite>
		<Links expend="true" display="Popular Sites" infotip="Browse Popular Sites...">
			<games type="url" value="http://www.playcomet.com/?bcl" display="Flash Online Games" infotip="Free Online Games" />
			<movies type="url" value="http://www.mcomet.com/?bcl" display="Upcoming Movies" infotip="Movies, Showtimes, Movie Trailers" />
			<soft type="url" value="http://www.cometbird.com/?bcl" display="Speed up your browser" infotip="Download any video/mp3/flash files from ANY website" />
			<soft type="url" value="http://www.brothersoft.com/?referral=bitcomet" display="Free Software Downloads" infotip="Free Software Downloads" />
			<games type="url" value="http://www1.ccmove.com/?bcl" display="Free Ringtone" infotip="Free Ringtone" />
			<soft type="url" value="http://www.apphit.com/?bcl" display="Common Software Downloads" infotip="SoftWare Downloads and Reviews" />
		</Links>
		<HomePage expend="true" display="BitComet HomePage" infotip="BitComet Update, Support...">
			<BitCometHomePage type="url" value="http://www.bitcomet.com/?bcl" display="BitComet Homepage" />
			<BitCometForums type="url" value="http://www.tocomet.com/topic/bitcomet/?bcl" display="BitComet Forums" />
		</HomePage>
	</Favourite>
	<SearchToolbar>
		<TorrentRoom title="ThePirateBay" link="http://www.atcomet.com/url_view/www.thepiratebay.org" html="http://www.bitcomet.com/client/redir/?http://thepiratebay.org//search/${QUERY}" />
		<TorrentRoom title="TorrentRoom" link="http://www.atcomet.com/url_view/www.torrentroom.com" html="http://www.bitcomet.com/client/redir/?http://www.torrentroom.com/search?client=bitcomet&amp;k=${QUERY}" />
		<torrentbar title="Torrentbar" link="http://www.atcomet.com/url_view/www.torrentbar.com" html="http://www.bitcomet.com/client/redir/?http://www.torrentbar.com/query.html?client=bitcomet&amp;k=${QUERY}" />
		<Zoozle title="utorrentportal" link="http://www.atcomet.com/url_view/www.utorrentportal.org" html="http://www.bitcomet.com/client/redir/?http://www.utorrentportal.org/search.php?client=bitcomet&amp;site=2008425111142&amp;keyword=${QUERY}" />
		<TorrentRoom title="Torrentz" link="http://www.atcomet.com/url_view/www.torrentz.com" html="http://www.bitcomet.com/client/redir/?http://www.torrentz.com/search?client=bitcomet&amp;q=${QUERY}" />
		<TorrentRoom title="IsoHunt" link="http://www.atcomet.com/url_view/www.isohunt.com" html="http://www.bitcomet.com/client/redir/?http://www.isohunt.com/torrents/?client=bitcomet&amp;ihq=${QUERY}" />
	</SearchToolbar>
</BitComet>
