﻿<?xml version="1.0" encoding="utf-8"?>
<BitComet Author="RnySmile" Version="0.1">
	<Favourite>
		<WebSite expend="true" display="热门推荐" infotip="热门资源推荐">
			<BTChina type="url" value="http://www.btchina.net/?bcl" display="BT@China" infotip="BT @ China 联盟"/>
			<movie type="url" value="http://m.didai.com/?bcl" display="=电影地带=" infotip="热门DVD电影高速下载" />
			<cnxp type="url" value="http://m.didai.com/tag/lilmd5692_1.html?bcl" display=" 影视帝国" infotip="电影发布页的强者"/>
			<comic type="url" value="http://m.didai.com/tag/lilmd7593_1.html?bcl" display="=动漫地带=" infotip="最新动漫下载,每日更新" />
			<GreedLand type="url" value="http://m.didai.com/tag/lilmd9710_1.html?bcl" display=" 贪婪大陆" infotip="动漫下载宝地"/>
			<ktxp type="url" value="http://bt.ktxp.com/?bcl" display=" 极影动漫" infotip="-=极影动漫=- 最新动漫下载"/>
			<bbsee type="url" value="http://m.didai.com/tag/lilmd7590_1.html?bcl" display="=综艺节目=" infotip="最新综艺节目,每日更新"/>
			<icefish type="url" value="http://m.didai.com/tag/lilmd5587_1.html?bcl" display=" 冰鱼综艺" infotip="冰鱼发布页"/>
			<music type="url" value="http://www.txwy.com/?bcl" display="=天下网游=" infotip="无需客户端，彗星通行证直接登录" />
			<Mdbchina type="url" value="http://zs.txwy.com/?bcl" display=" 战神世界" infotip="彗星战神世界"/>
			<Mdbchina type="url" value="http://zq.txwy.com/?bcl" display=" 武林足球2" infotip="彗星武林足球2"/>
			<Mdbchina type="url" value="http://tr.txwy.com/?bcl" display=" 部落战争" infotip="彗星部落战争"/>
			<Mdbchina type="url" value="http://bl.txwy.com/?bcl" display=" 兵临城下" infotip="彗星兵临城下"/>	
			<soft type="url" value="http://www.jprj.com/?bcl" display="常用软件" infotip="精选200多款绿色软件免费下载" />
			<Game type="url" value="http://www.gamedidai.com/?bcl" display="游戏下载" infotip="单机游戏，网络游戏下载" />
		</WebSite>
		<Games expend="false" type="url" value="http://my.mdbchina.com/flash/?bcl"  display="休闲小游戏" infotip="精选小游戏">
			<mj type="url" value="http://my.mdbchina.com/flash/Class7?bcl" display="敏捷类" infotip="敏捷类"/>
			<cl type="url" value="http://my.mdbchina.com/flash/Class5?bcl" display="策略类" infotip="策略类"/>
			<ty type="url" value="http://my.mdbchina.com/flash/Class8?bcl" display="体育类" infotip="体育类"/>
			<yz type="url" value="http://my.mdbchina.com/flash/Class10?bcl" display="益智类" infotip="益智类"/>
			<xs type="url" value="http://my.mdbchina.com/flash/Class9?bcl" display="休闲类" infotip="休闲类"/>
			<et type="url" value="http://my.mdbchina.com/flash/Class6?bcl" display="儿童类" infotip="儿童类"/>
			<zz type="url" value="http://my.mdbchina.com/flash/Class11?bcl" display="战争类" infotip="战争类"/>
			<zj type="url" value="http://my.mdbchina.com/flash/Class12?bcl" display="专辑类" infotip="专辑类"/>
			<hz type="url" value="http://my.mdbchina.com/flash/Class73?bcl" display="化妆类" infotip="化妆类"/>
			<bs type="url" value="http://my.mdbchina.com/flash/class125?bcl" display="比赛类" infotip="比赛类"/>
		</Games>
		<HomePage type="url" value="http://my.mdbchina.com/tieba/%e6%af%94%e7%89%b9%e5%bd%97%e6%98%9f/?bcl" display="BitComet软件论坛" infotip="BitComet软件中文论坛"/>
	</Favourite>
	<Filter>
		<item>mdbchina.com</item>
		<item>bitcomet.com</item>
	</Filter>
	<CometZoneMenu>
		<SEPARATOR/>
		<LinkPage ActionType="link" Parameter="http://www.mdbchina.cn/?menu" display="中国影视库"/>
		<LinkPage ActionType="link" Parameter="http://m.didai.com/?menu" display="电影地带"/>
		<LinkPage ActionType="link" Parameter="http://www.jprj.com/?menu" display="精品软件"/>
		<LinkPage ActionType="link" Parameter="http://warlord.gamedidai.com/?menu" display="彗星战神世界"/>
		<LinkPage ActionType="link" Parameter="http://travian.gamedidai.com/?menu" display="彗星部落战争"/>
		<LinkPage ActionType="link" Parameter="http://zq.gamedidai.com/?menu" display="彗星武林足球2"/>
	</CometZoneMenu>
	<SearchToolbar>
		<s title="电影" link="http://m.didai.com" html="http://m.didai.com/search/?q=${QUERY}&amp;tn=bctop" />
		<s title="游戏" link="http://www.gamedidai.com" html="http://www.gamedidai.com/search.aspx?tn=bctop&amp;q=${QUERY}" />
		<s title="软件" link="http://www.jprj.com" html="http://www.jprj.com/ruanjian_sousuo/?tn=bctop&amp;q=${QUERY}" />
	</SearchToolbar>
</BitComet>