<?xml version="1.0" encoding="ISO-8859-1"?>
<BitComet Author="RnySmile" Translator="Verdict" Version="0.3">
	<Favourite>
		<WebSite expend="true" display="Torrent-sivustoja" infotip="Torrent-sivustoja...">
			<torrentskickass type="url" value="http://www.torrentskickass.com/" display="TorrentsKickAss" />
			<torrentreactor type="url" value="http://torrentreactor.com/" display="TorrentReactor" />
			<isohunt.com type="url" value="http://isohunt.com/" display="Isohunt" />
			<piratbyran type="url" value="http://tracker.piratbyran.org" display="The Pirate Bay" />
		</WebSite>
		<SearchEngine expend="true" display="Torrent-hakuja" infotip="Etsi Torrentteja...">
			<yotoshi type="url" value="http://yotoshi.com/" display="yotoshi.com" />
			<torrentindex type="url" value="http://www.torrentindex.org/" display="torrentindex.org" />
		</SearchEngine>
		<GeneralSite expend="true" display="P2P-sivustoja" infotip="P2P-aiheisia sivustoja">
			<Slyck type="url" value="http://www.slyck.com/" display="Slyck.com" />
			<P2PForums type="url" value="http://www.p2pforums.com" display="P2P Forums" />
		</GeneralSite>
		<HomePage expend="true" display="BitComet" infotip="BitCometiin liittyv�t sivustot">
			<BitCometHomePage type="url" value="http://www.bitcomet.com/" display="BitCometin kotisivu" />
			<BitCometForums type="url" value="http://bitcomet.p2pforums.com" display="BitCometin foorumi" />
		</HomePage>
	</Favourite>
</BitComet>
