<?xml version="1.0" encoding="utf-8"?>
<BitComet Author="RnySmile" Translator="Anthony Dragoev" Version="0.1">
	<Favourite>
		<WebSite expend="true" display="Торент-сайтове" infotip="Разгледай торент-сайтове...">
			<arena-torrents type="url" value="http://www.arenabg.com/torrents/" display="www.arenabg.com/torrents" infotip="Торент-сайтът на Арена"/>
			<starnet-bg type="url" value="http://torrent.starnet-bg.com/" display="torrent.starnet-bg.com" infotip="Торент-сайтът на Starnet-bg"/>
			<torrents-bg type="url" value="http://www.torrents-bg.com/" display="www.torrents-bg.com" infotip="Торент-сайтът Torrents-bg"/>
			<torrents-bg type="url" value="http://torrents.find-bg.com/" display="torrents.find-bg.com" infotip="Торент-сайтът на Find-bg"/>
			<torrentbits type="url" value="http://www.torrentbits.org/browse.php" display="TorrentBits" infotip="Мястото, където колкото повече share-ваш толкова повече взимаш"/>
			<smartcall-torrents type="url" value="http://www.smartcall.bg:6969/" display="www.smartcall.bg" infotip="Торент-сайтът на Smart Call"/>
            <mininova type="url" value="http://www.mininova.org" display="Mininova" infotip="the place to come for torrents everyday" />
            <torrentportal type="url" value="http://www.torrentportal.com/" display="TorrentPortal" infotip="A great portal with alot of dedicated uploaders" />
            <thepiratebay type="url" value="http://www.thepiratebay.org/" display="ThePirateBay" infotip="The biggest tracker in Sweden" />
            <torrents type="url" value="http://www.2torrents.com" display="2Torrents" infotip="An awesome site with plenty of new .torrents being added every day." />
            <isohunt type="url" value="http://www.isohunt.com/js/redir/BitComet.php" display="isoHunt" infotip="big search engine for any type of torrent" />
		</WebSite>
		<GeneralSite expend="true" display="P2P Общ сайт" infotip="P2P Общ сайт...">
			<Slyck type="url" value="http://www.slyck.com/" display="Slyck" infotip="Slyck - Новини и информация за шернати файлове"/>
            <youceff type="url" value="http://www.youceff.com/" display="Youceff" infotip="Community dedicated to torrents" />
            <faq type="url" value="http://www.dessent.net/btfaq/" display="BittorrentFAQ" infotip="Learn everything you need to know about bittorrent" />
		</GeneralSite>
		<HomePage expend="true" type="url" value="http://www.bitcomet.com/" display="BitComet Home-страница" infotip="BitComet Актуализации, Поддръжка...">
			<BitCometHomePage type="url" value="http://www.bitcomet.com/" display="BitComet Home-страница" />
			<BitCometForums type="url" value="http://bitcomet.p2pforums.com" display="BitComet Форуми" />
		</HomePage>
	</Favourite>
</BitComet>
