<?xml version="1.0" encoding="utf-8"?>
<BitComet Author="RnySmile" Version="0.1">
	<Favourite>
		<WebSite expend="true" display="Sitios de Torrents" infotip="Explora los sitios sobre torrents...">
			<elmejorwarez type="url" value="http://www.elmejortracker.com/" display="El Mejor Warez.org" infotip="Comunidad Española de bitTorrent."/>
			<shared type="url" value="http://www.shared.cl" display="Shared Chile" infotip="Comunidad Chilena de Bittorrent"/>
			<btarg type="url" value="http://www.btarg.com.ar:81/tracker/index.php" display="BTArg" infotip="Sitio Argentino de Bittorrent"/>
            <torrents type="url" value="http://www.2torrents.com" display="2Torrents" infotip="An awesome site with plenty of new .torrents being added every day." />
            <isohunt type="url" value="http://www.isohunt.com/js/redir/BitComet.php" display="isoHunt" infotip="big search engine for any type of torrent" />
			<elmejorwarez type="url" value="http://www.elmejorwarez.org/principal.php" display="El Mejor Warez.org" infotip="Comunidad Española de bitTorrent."/>
			<torrentbits type="url" value="http://www.torrentbits.org/browse.php" display="TorrentBits" infotip="the place where the more your share the more you will get"/>
            <mininova type="url" value="http://www.mininova.org" display="Mininova" infotip="the place to come for torrents everyday" />
            <torrentportal type="url" value="http://www.torrentportal.com/" display="TorrentPortal" infotip="A great portal with alot of dedicated uploaders" />
            <thepiratebay type="url" value="http://www.thepiratebay.org/" display="ThePirateBay" infotip="The biggest tracker in Sweden" />
		</WebSite>
		<GeneralSite expend="true" display="Sitio general sobre P2P" infotip="Sitio general sobre P2P...">
			<Slyck type="url" value="http://www.slyck.com/" display="Slyck" infotip="Slyck - File Sharing News and Info"/>
            <youceff type="url" value="http://www.youceff.com/" display="Youceff" infotip="Community dedicated to torrents" />
            <faq type="url" value="http://www.dessent.net/btfaq/" display="BittorrentFAQ" infotip="Learn everything you need to know about bittorrent" />
		</GeneralSite>
		<HomePage expend="true" type="url" value="http://www.bitcomet.com/" display="Pagina Oficial de BitComet" infotip="BitComet Actualizaciones, Soporte...">
			<BitCometHomePage type="url" value="http://www.bitcomet.com/" display="BitComet Homepage" />
			<BitCometForums type="url" value="http://bitcomet.p2pforums.com" display="BitComet Forums" />
		</HomePage>
	</Favourite>
</BitComet>
