<?xml version="1.0" encoding="utf-8"?>
<BitComet Author="nanaco" Version="0.2">
	<Favourite>
        <WebSite expend="true" display="Torrent Sites" infotip="Browse Torrents Sites...">
            <torrents type="url" value="http://www.2torrents.com" display="2Torrents" infotip="An awesome site with plenty of new .torrents being added every day." />
            <isohunt type="url" value="http://www.isohunt.com/js/redir/BitComet.php" display="isoHunt" infotip="big search engine for any type of torrent" />
            <mininova type="url" value="http://www.mininova.org" display="Mininova" infotip="the place to come for torrents everyday" />
            <torrentportal type="url" value="http://www.torrentportal.com/" display="TorrentPortal" infotip="A great portal with alot of dedicated uploaders" />
            <thepiratebay type="url" value="http://www.thepiratebay.org/" display="ThePirateBay" infotip="The biggest tracker in Sweden" />
			<torrentlinks type="url" value="http://www.angelfire.com/creep/torrents/index.html" display="BitTorrentネットワーク" infotip="Torrent配布サイトのリンク"/>
        </WebSite>
        <GeneralSite expend="true" display="P2P General Site" infotip="P2P General Site...">
            <slyck type="url" value="http://www.slyck.com/" display="Slyck" infotip="Slyck - File Sharing News and Info" />
            <youceff type="url" value="http://www.youceff.com/" display="Youceff" infotip="Community dedicated to torrents" />
            <faq type="url" value="http://www.dessent.net/btfaq/" display="BittorrentFAQ" infotip="Learn everything you need to know about bittorrent" />
        </GeneralSite>
		<HomePage type="url" icon="4" value="http://www.bitcomet.com/" display="BitComet ホームページ" infotip="BitCometのアップデートやサポート...">
			<BitCometHomePage type="url" value="http://www.bitcomet.com/" display="公式サイト（英語）" />
			<BitCometJP type="url" value="http://bitcomet.atspace.org/" display="非公式日本語版サイト" />
			<BitCometFAQJP type="url" value="http://bitcomet.atspace.org/faq.htm" display="FAQ日本語版"/>
			<BitCometForums type="url" value="http://bitcomet.p2pforums.com/" display="BitComet Forum（英語）" />
		</HomePage>
		<WebSite display="BitTorrent関連サイト" infotip="リンク">
			<BTMania type="url" value="http://cgi.f28.aaacafe.ne.jp/~btmania/pw/pukiwiki.php" display="BT mania" infotip="BitTorrentに関するWiki"/>
			<Mine type="url" value="http://hungry.x0.com/bitt/" display="BitT.マイン.ヌー" infotip="BitTorrent情報サイト"/> 
		</WebSite>
	</Favourite>
</BitComet>
