<?xml version="1.0" encoding="utf-8"?>
<BitComet Author="RnySmile" Version="0.1">
    <Favourite>
        <WebSite expend="true" display="Torrent Sites" infotip="Browse Torrents Sites...">
            <torrents type="url" value="http://www.torrentspy.com" display="TorrentSpy.com" infotip="TorrentSpy.com" />
            <torrents type="url" value="http://www.mybittorrent.com" display="MyBitTorrent" infotip="MyBitTorrent" />
            <torrents type="url" value="http://www.torrentportal.com/" display="TorrentPortal" infotip="A great portal with alot of dedicated uploaders" />
            <torrents type="url" value="http://www.torrentbox.com" display="TorrentBox" infotip="TorrentBox" />
            <torrents type="url" value="http://www.novatina.com" display="NovaTina" infotip="NovaTina" />
            <torrents type="url" value="http://www.thepiratebay.org/" display="ThePirateBay" infotip="The biggest tracker in Sweden" />
            <torrents type="url" value="http://torrentreactor.net" display="TorrentReactor" infotip="TorrentReactor" />
            <torrents type="url" value="http://www.mininova.org" display="Mininova" infotip="the place to come for torrents everyday" />
            <torrents type="url" value="http://www.isohunt.com/js/redir/BitComet.php" display="isoHunt" infotip="big search engine for any type of torrent" />
            <torrents type="url" value="http://www.filesoup.com" display="FileSoup" infotip="FileSoup" />
            <torrents type="url" value="http://www.2torrents.com" display="2Torrents" infotip="An awesome site with plenty of new .torrents being added every day." />
        </WebSite>
        <activity expend="true" display="activity" infotip="activity...">
		   <raise type="url" value="http://www.linktoad.com/adclick.php?aid=2c7860&amp;cid=2238&amp;url=http://www.monsterandme.com" display=" FreePetRaiseGame" infotip="FreePetRaiseGame" />
		   <Conquer type="url" value="http://www.linktoad.com/adclick.php?aid=a11d24&amp;cid=2239&amp;url=http://www.conqueronline.com" display=" Conquer Online" infotip="Conquer - Conquer Online" />
		</activity>
		<RSSLinks expend="false" display="RSS-FEED" infotip="">
			<a type="rss" value="http://www.boxtorrents.com/rss.xml" display="BoxTorrents" infotip="0-week torrents"/>
			<Links expend="false" display="BiteNova" infotip="BiteNova.org">
				<c type="rss" value="http://www.bitenova.org/trss/movies.xml" display="Movies" infotip="Movies"/>
				<c type="rss" value="http://www.bitenova.org/rss/series.xml" display="Series" infotip="Series"/>
				<c type="rss" value="http://www.bitenova.org/rss/music.xml" display="Music" infotip="Music"/>
				<c type="rss" value="http://www.bitenova.org/rss/pcgame.xml" display="PCGame" infotip="PCGame"/>
				<c type="rss" value="http://www.bitenova.org/rss/ps2.xml" display="PS2" infotip="PS2"/>	
				<c type="rss" value="http://www.bitenova.org/rss/anime.xml" display="Anime" infotip="Anime"/>	
				<c type="rss" value="http://www.bitenova.org/rss/windows.xml" display="Windows" infotip="Windows"/>	
				<c type="rss" value="http://www.bitenova.org/rss/linux.xml" display="Linux" infotip="Linux"/>	
				<c type="rss" value="http://www.bitenova.org/rss/dvdr.xml" display="DVD-R" infotip="DVD-R"/>	
				<c type="rss" value="http://www.bitenova.org/rss/ebook.xml" display="E-Book" infotip="E-Book"/>
				<c type="rss" value="http://www.bitenova.org/rss/suprnova.xml" display="Suprnova" infotip="Suprnova"/>
				<c type="rss" value="http://www.bitenova.org/rss/misc.xml" display="Misc" infotip="Misc"/>
			</Links>
			<a type="rss" value="http://www.btjunkie.org/rss.xml" display="BTJunkie" infotip="RSS feed for btjunkie's latest torrents"/>
			<a type="rss" value="http://www.fulldls.com/rss.php" display="Fulldls" infotip="Fulldls"/>
			<a type="rss" value="http://www.piratic.org/rss.php?cat=2&amp;ago=5&amp;num=50" display="Piratic" infotip="RSS feed by Piratic-orG"/>
			<a type="rss" value="http://www.seedler.org/en/rss.xml" display="Seedler" infotip="RSS feed for Seedler.org's latest torrents"/>
			<Links expend="false" display="ThePirateBay " infotip="The newest torrents from The Pirate Bay.org">
				<c type="rss" value="http://thepiratebay.org/rss.php?cat=0" display="All" infotip="All"/>
					<c type="rss" value="http://thepiratebay.org/blog_rss.php" display="BLog" infotip="BLog"/>
					<c type="rss" value="http://thepiratebay.org/rss.php?cat=100" display="Audio" infotip="Audio">
					<c type="rss" value="http://thepiratebay.org/rss.php?cat=101" display="Music" infotip="Music"/>
	            	<c type="rss" value="http://thepiratebay.org/rss.php?cat=102" display="Audio Books" infotip="Audio Books"/>
	            	<c type="rss" value="http://thepiratebay.org/rss.php?cat=103" display="Sound Clips" infotip="Sound Clips"/>
	            	<c type="rss" value="http://thepiratebay.org/rss.php?cat=199" display="Other" infotip="Other"/>			
				</c>
				<c type="rss" value="http://thepiratebay.org/rss.php?cat=200" display="Video" infotip="Video">
					<c type="rss" value="http://thepiratebay.org/rss.php?cat=201" display="Movies" infotip="Movies"/>
	                <c type="rss" value="http://thepiratebay.org/rss.php?cat=202" display="Movies DVD-R" infotip="Movies DVD-R"/>
	                <c type="rss" value="http://thepiratebay.org/rss.php?cat=203" display="Music Videos" infotip="Music Videos"/>
	                <c type="rss" value="http://thepiratebay.org/rss.php?cat=204" display="Movie Clips" infotip="Movie Clips"/>
	                <c type="rss" value="http://thepiratebay.org/rss.php?cat=205" display="TV Shows" infotip="TV Shows"/>
	                <c type="rss" value="http://thepiratebay.org/rss.php?cat=206" display="Handheld" infotip="Handheld"/>	
	                <c type="rss" value="http://thepiratebay.org/rss.php?cat=299" display="Other" infotip="Other"/>			
				</c>
				<c type="rss" value="http://thepiratebay.org/rss.php?cat=300" display="Applications" infotip="Applications">
					<c type="rss" value="http://thepiratebay.org/rss.php?cat=301" display="Windows" infotip="Windows"/>
	                <c type="rss" value="http://thepiratebay.org/rss.php?cat=302" display="MAC" infotip="MAC"/>
	                <c type="rss" value="http://thepiratebay.org/rss.php?cat=303" display="Linux" infotip="Linux"/>
	                <c type="rss" value="http://thepiratebay.org/rss.php?cat=304" display="Handheld" infotip="Handheld"/>
	               <c type="rss" value="http://thepiratebay.org/rss.php?cat=399" display="Other OS" infotip="Other OS"/>
				</c>
				<c type="rss" value="http://thepiratebay.org/rss.php?cat=400" display="Games" infotip="Games">
					<c type="rss" value="http://thepiratebay.org/rss.php?cat=401" display="PC" infotip="PC"/>
	                <c type="rss" value="http://thepiratebay.org/rss.php?cat=402" display="MAC" infotip="MAC"/>
	                <c type="rss" value="http://thepiratebay.org/rss.php?cat=403" display="PS2" infotip="PS2"/>
	                <c type="rss" value="http://thepiratebay.org/rss.php?cat=404" display="XBOX" infotip="XBOX"/>
	                <c type="rss" value="http://thepiratebay.org/rss.php?cat=405" display="Gamecube" infotip="Gamecube"/>
	                <c type="rss" value="http://thepiratebay.org/rss.php?cat=406" display="Handheld" infotip="Handheld"/>	
	                <c type="rss" value="http://thepiratebay.org/rss.php?cat=499" display="Other" infotip="Other"/>			
				</c>
				<c type="rss" value="http://thepiratebay.org/rss.php?cat=600" display="Other" infotip="Other">
					<c type="rss" value="http://thepiratebay.org/rss.php?cat=601" display="E-Books" infotip="E-Books"/>
	                <c type="rss" value="http://thepiratebay.org/rss.php?cat=602" display="Comics" infotip="Comics"/>
	                <c type="rss" value="http://thepiratebay.org/rss.php?cat=603" display="Pictures" infotip="Pictures"/>
	                <c type="rss" value="http://thepiratebay.org/rss.php?cat=604" display="Covers" infotip="Covers"/>
	                <c type="rss" value="http://thepiratebay.org/rss.php?cat=699" display="Others" infotip="Others"/>
				</c>
			</Links>
			<Links expend="false" display="TorrentValley " infotip="TorrentValley.com">
				<c type="rss" value="http://www.torrentvalley.com/rss.php?c=1&amp;sc=0" display="All Movies" infotip=""/>
					<c type="rss" value="http://www.torrentvalley.com/rss.php?c=1&amp;sc=2" display="Action" infotip=""/>
					<c type="rss" value="http://www.torrentvalley.com/rss.php?c=1&amp;sc=4" display="Adventure" infotip="">
					<c type="rss" value="http://www.torrentvalley.com/rss.php?c=1&amp;sc=5" display="Animation" infotip=""/>
	            	<c type="rss" value="http://www.torrentvalley.com/rss.php?c=1&amp;sc=6" display="Comedy" infotip=""/>
	            	<c type="rss" value="http://www.torrentvalley.com/rss.php?c=1&amp;sc=8" display="Documentary" infotip=""/>
	            	<c type="rss" value="http://www.torrentvalley.com/rss.php?c=1&amp;sc=9" display="Drama" infotip=""/>			
	            	<c type="rss" value="hhttp://www.torrentvalley.com/rss.php?c=1&amp;sc=10" display="Family" infotip=""/>			
	            	<c type="rss" value="http://www.torrentvalley.com/rss.php?c=1&amp;sc=11" display="Fantasy" infotip=""/>			
	            	<c type="rss" value="http://www.torrentvalley.com/rss.php?c=1&amp;sc=12" display="Film-Noir" infotip=""/>			
	            	<c type="rss" value="http://www.torrentvalley.com/rss.php?c=1&amp;sc=13" display="Horror Music" infotip=""/>			
	            	<c type="rss" value="http://www.torrentvalley.com/rss.php?c=1&amp;sc=14" display="Musical" infotip=""/>			
	            	<c type="rss" value="http://www.torrentvalley.com/rss.php?c=1&amp;sc=15" display="Mystery" infotip=""/>			
	            	<c type="rss" value="http://www.torrentvalley.com/rss.php?c=1&amp;sc=16" display="Romance" infotip=""/>			
	            	<c type="rss" value="http://www.torrentvalley.com/rss.php?c=1&amp;sc=17" display="Sci-Fi" infotip=""/>			
	            	<c type="rss" value="http://www.torrentvalley.com/rss.php?c=1&amp;sc=18" display="Short" infotip=""/>			
	            	<c type="rss" value="http://www.torrentvalley.com/rss.php?c=1&amp;sc=19" display="Thriller" infotip=""/>			
	            	<c type="rss" value="http://www.torrentvalley.com/rss.php?c=1&amp;sc=20" display="War" infotip=""/>			
	            	<c type="rss" value="http://www.torrentvalley.com/rss.php?c=1&amp;sc=21" display="Salsa Videos" infotip=""/>			
	            	<c type="rss" value="http://www.torrentvalley.com/rss.php?c=1&amp;sc=22" display="Unknown" infotip=""/>			
				</c>
				<c type="rss" value="http://www.torrentvalley.com/rss.php?c=4&amp;sc=0" display="All Music" infotip="">
					<c type="rss" value="http://www.torrentvalley.com/rss.php?c=5&amp;sc=47" display="Babylon 5" infotip=""/>
					<c type="rss" value="http://www.torrentvalley.com/rss.php?c=5&amp;sc=48" display="Battlestar Galactica" infotip=""/>
					<c type="rss" value="http://www.torrentvalley.com/rss.php?c=5&amp;sc=49" display="Cartoons" infotip=""/>
					<c type="rss" value="http://www.torrentvalley.com/rss.php?c=5&amp;sc=50" display="Charmed" infotip=""/>
					<c type="rss" value="http://www.torrentvalley.com/rss.php?c=5&amp;sc=51" display="Desperate Housewives" infotip=""/>
					<c type="rss" value="http://www.torrentvalley.com/rss.php?c=5&amp;sc=52" display="Friends" infotip=""/>
					<c type="rss" value="http://www.torrentvalley.com/rss.php?c=5&amp;sc=53" display="Jack and Bobby" infotip=""/>
					<c type="rss" value="http://www.torrentvalley.com/rss.php?c=5&amp;sc=54" display="Late Night Conan O'Brian" infotip=""/>
					<c type="rss" value="http://www.torrentvalley.com/rss.php?c=5&amp;sc=55" display="Poirot" infotip=""/>
					<c type="rss" value="http://www.torrentvalley.com/rss.php?c=5&amp;sc=57" display="Smallville" infotip=""/>
					<c type="rss" value="http://www.torrentvalley.com/rss.php?c=5&amp;sc=58" display="South Park" infotip=""/>
					<c type="rss" value="http://www.torrentvalley.com/rss.php?c=5&amp;sc=59" display="Sports" infotip=""/>
					<c type="rss" value="http://www.torrentvalley.com/rss.php?c=5&amp;sc=60" display="Star Trek" infotip=""/>
					<c type="rss" value="http://www.torrentvalley.com/rss.php?c=5&amp;sc=62" display="Wrestling" infotip=""/>
					<c type="rss" value="http://www.torrentvalley.com/rss.php?c=5&amp;sc=63" display="Unknown" infotip=""/>				
				</c>
				<c type="rss" value="http://www.torrentvalley.com/rss.php?c=6&amp;sc=0" display="All Games" infotip="">
					<c type="rss" value="http://www.torrentvalley.com/rss.php?c=6&amp;sc=71" display="PC - Arcade" infotip=""/>
					<c type="rss" value="http://www.torrentvalley.com/rss.php?c=6&amp;sc=72" display="PC - Action" infotip=""/>
					<c type="rss" value="http://www.torrentvalley.com/rss.php?c=6&amp;sc=73" display="PC - Adventure" infotip=""/>
					<c type="rss" value="http://www.torrentvalley.com/rss.php?c=6&amp;sc=74" display="PC - Educational" infotip=""/>
					<c type="rss" value="http://www.torrentvalley.com/rss.php?c=6&amp;sc=75" display="PC - Racing/Driving" infotip=""/>
					<c type="rss" value="http://www.torrentvalley.com/rss.php?c=6&amp;sc=76" display="PC - RPG" infotip=""/>
					<c type="rss" value="http://www.torrentvalley.com/rss.php?c=6&amp;sc=77" display="PC - Simulation" infotip=""/>
					<c type="rss" value="http://www.torrentvalley.com/rss.php?c=6&amp;sc=78" display="PC - Sports" infotip=""/>
					<c type="rss" value="http://www.torrentvalley.com/rss.php?c=6&amp;sc=79" display="PC - Strategy" infotip=""/>
					<c type="rss" value="http://www.torrentvalley.com/rss.php?c=6&amp;sc=80" display="PC - Other" infotip=""/>
					<c type="rss" value="http://www.torrentvalley.com/rss.php?c=6&amp;sc=81" display="Dreamcast" infotip=""/>
					<c type="rss" value="http://www.torrentvalley.com/rss.php?c=6&amp;sc=82" display="GameCube" infotip=""/>
					<c type="rss" value="http://www.torrentvalley.com/rss.php?c=6&amp;sc=83" display="PS 2" infotip=""/>
					<c type="rss" value="http://www.torrentvalley.com/rss.php?c=6&amp;sc=84" display="PSX" infotip=""/>
	   				<c type="rss" value="http://www.torrentvalley.com/rss.php?c=6&amp;sc=85" display="ROMS" infotip=""/>
	   				<c type="rss" value="http://www.torrentvalley.com/rss.php?c=6&amp;sc=86" display="XBox" infotip=""/>
	   				<c type="rss" value="http://www.torrentvalley.com/rss.php?c=6&amp;sc=87" display="Unknown" infotip=""/>
				</c>
				<c type="rss" value="http://www.torrentvalley.com/rss.php?c=7&amp;sc=0" display="All Software" infotip="">
					<c type="rss" value="http://www.torrentvalley.com/rss.php?c=7&amp;sc=91" display="Windows" infotip=""/>
					<c type="rss" value="http://www.torrentvalley.com/rss.php?c=7&amp;sc=94" display="Windows-Handheld" infotip=""/>
					<c type="rss" value="http://www.torrentvalley.com/rss.php?c=7&amp;sc=95" display="Windows-Multimedia" infotip=""/>
					<c type="rss" value="http://www.torrentvalley.com/rss.php?c=7&amp;sc=96" display="Windows-Programming" infotip=""/>
					<c type="rss" value="http://www.torrentvalley.com/rss.php?c=7&amp;sc=97" display="Windows-Internet" infotip=""/>
					<c type="rss" value="http://www.torrentvalley.com/rss.php?c=7&amp;sc=98" display="Windows-Security" infotip=""/>
					<c type="rss" value="http://www.torrentvalley.com/rss.php?c=7&amp;sc=92" display="Unix/Linux All" infotip=""/>
					<c type="rss" value="http://www.torrentvalley.com/rss.php?c=7&amp;sc=93" display="Macintosh All" infotip=""/>
					<c type="rss" value="http://www.torrentvalley.com/rss.php?c=7&amp;sc=99" display="Unknown" infotip=""/>
				</c>
				<c type="rss" value="http://www.torrentvalley.com/rss.php?c=9&amp;sc=0" display="All Ebooks" infotip="">
					<c type="rss" value="http://www.torrentvalley.com/rss.php?c=9&amp;sc=110" display="Adventure" infotip=""/>
					<c type="rss" value="http://www.torrentvalley.com/rss.php?c=9&amp;sc=111" display="Make money guides" infotip=""/>
					<c type="rss" value="http://www.torrentvalley.com/rss.php?c=9&amp;sc=112" display="Computers" infotip=""/>
					<c type="rss" value="http://www.torrentvalley.com/rss.php?c=9&amp;sc=120" display="Cooking" infotip=""/>
					<c type="rss" value="http://www.torrentvalley.com/rss.php?c=9&amp;sc=113" display="Fiction" infotip=""/>
					<c type="rss" value="http://www.torrentvalley.com/rss.php?c=9&amp;sc=114" display="History" infotip=""/>
					<c type="rss" value="http://www.torrentvalley.com/rss.php?c=9&amp;sc=115" display="Philosophy" infotip=""/>
					<c type="rss" value="http://www.torrentvalley.com/rss.php?c=9&amp;sc=116" display="Poetry" infotip=""/>
					<c type="rss" value="http://www.torrentvalley.com/rss.php?c=9&amp;sc=117" display="Politics" infotip=""/>
					<c type="rss" value="http://www.torrentvalley.com/rss.php?c=9&amp;sc=118" display="Psychology" infotip=""/>
					<c type="rss" value="http://www.torrentvalley.com/rss.php?c=9&amp;sc=119" display="Philosophy" infotip=""/>
					<c type="rss" value="http://www.torrentvalley.com/rss.php?c=9&amp;sc=121" display="Short Stories" infotip=""/>
					<c type="rss" value="http://www.torrentvalley.com/rss.php?c=9&amp;sc=122" display="Travel" infotip=""/>
					<c type="rss" value="http://www.torrentvalley.com/rss.php?c=9&amp;sc=123" display="Western" infotip=""/>
					<c type="rss" value="http://www.torrentvalley.com/rss.php?c=9&amp;sc=124" display="Unknown" infotip=""/>
					<c type="rss" value="http://www.torrentvalley.com/rss.php?c=9&amp;sc=125" display="Gambling" infotip=""/>
				</c>
				<c type="rss" value="http://www.torrentvalley.com/rss.php?c=15&amp;sc=0" display="All Uncategorized" infotip=""/>
			</Links>
			<Links expend="false" display="TorrentAttack" infotip="TorrentAttack.org">
				<c type="rss" value="http://www.torrentportal.com/rssfeed.php" display="All" infotip="All"/>
				<c type="rss" value="http://www.torrentportal.com/rssfeed.php?cat=1" display="Games" infotip="Games"/>
				<c type="rss" value="http://www.torrentportal.com/rssfeed.php?cat=2" display="Movies" infotip="Movies"/>
				<c type="rss" value="http://www.torrentportal.com/rssfeed.php?cat=3" display="TV" infotip="TV"/>
				<c type="rss" value="http://www.torrentportal.com/rssfeed.php?cat=4" display="Videos" infotip="Videos"/>	
				<c type="rss" value="http://www.torrentportal.com/rssfeed.php?cat=5" display="Apps" infotip="Apps"/>	
				<c type="rss" value="http://www.torrentportal.com/rssfeed.php?cat=6" display="Anime" infotip="Anime"/>	
				<c type="rss" value="http://www.torrentportal.com/rssfeed.php?cat=7" display="Audio" infotip="Audio"/>	
				<c type="rss" value="http://www.torrentportal.com/rssfeed.php?cat=8" display="Comics" infotip="Comics"/>	
				<c type="rss" value="http://www.torrentportal.com/rssfeed.php?cat=9" display="Unsorted" infotip="Unsorted"/>
				<c type="rss" value="http://www.torrentportal.com/rssfeed.php?cat=10" display="Porn" infotip="Porn"/>
			</Links>
			<a type="rss" value="http://www.torrentreactor.to/rss.rss" display="TorrentReactor" infotip="Latest submitted Torrents on TorrentReactor.TO"/>
			<a type="rss" value="http://www.torrentspy.com/rss.asp" display="TorrentSpy" infotip="RSS feed for Torrentspy.com"/>
			<a type="rss" value="http://www.torrentz.ws/xml.php" display="Torrentz" infotip="daily bit torrent downloads"/>
			<a type="rss" value="http://www.xtvi.com/rss.php" display="XTVi" infotip="Latest 20 TV Torrents on XTVi"/>
		</RSSLinks>
        <HomePage expend="false" type="url" value="http://www.bitcomet.com/" display="BitComet HomePage" infotip="BitComet Update, Support...">
            <BitCometHomePage type="url" value="http://www.bitcomet.com/" display="BitComet Homepage" />
            <BitCometForums type="url" value="http://bitcomet.p2pforums.com" display="BitComet Forums" />
        </HomePage>
    </Favourite>
</BitComet>