<?xml version="1.0" encoding="utf-8"?>
<BitComet Author="RnySmile" Version="0.1">
	<Favourite>
		<WebSite expend="true" display="BT发布站点" infotip="浏览国内BT站点...">
			<BTChina type="url" value="http://go.bitcomet.com/redirect.asp?url=http://www.btchina.net/" display="BT @ China" infotip="BT @ China 联盟发布页"/>
			<TLF type="url" value="http://go.bitcomet.com/redirect.asp?url=http://bt.eastgame.net/" display="TLF@BT下载站" infotip="BT @ TLF 发布页"/>
			<GameSirHell type="url" value="http://go.bitcomet.com/redirect.asp?url=http://bt.gamesir.com/" display="GameSir" infotip="=GameSir= －=HELL=－ 游戏动漫联合BitTorrent发布页"/>
			<GreedLand type="url" value="http://go.bitcomet.com/redirect.asp?url=http://bt.greedland.net/" display="贪婪大陆" infotip="动漫下载宝地"/>
			<imagegarden type="url" value="http://go.bitcomet.com/redirect.asp?url=http://www.imagegarden.net/bt/" display="伊美姬BT下载" infotip="下载音乐的绝好的地方，以APE为主"/>
			<ydy type="url" value="http://go.bitcomet.com/redirect.asp?url=http://bt.ydy.com/" display="伊甸园发布页" infotip="伊甸园BT综艺，美剧大集中"/>
			<cnxp type="url" value="http://go.bitcomet.com/redirect.asp?url=http://bt2.cnxp.com/" display="影视帝国发布页" infotip="电影发布页的强者"/>
			<zingking type="url" value="http://go.bitcomet.com/redirect.asp?url=http://bt.zingking.com/" display="影音休闲中心" infotip=""/>
			<ktxp type="url" value="http://go.bitcomet.com/redirect.asp?url=http://bt.ktxp.com/" display="极影动漫BT" infotip="-=极影动漫BT=- 最新动漫下载"/>
			<bestgame type="url" value="http://go.bitcomet.com/redirect.asp?url=http://bt.bestmovie.cn/" display="顶好影线" infotip="顶好影线"/>
            <icefish type="url" value="http://go.bitcomet.com/redirect.asp?url=http://bt.icefish.org/" display="冰鱼发布页" infotip="冰鱼发布页"/>
			<bt type="url" value="http://go.bitcomet.com/redirect.asp?url=http://www.58bt.com/fd.asp" display="BT网站大全" infotip="BT精采网站"/>
		</WebSite>
	    <Item type="xml" value="http://go.bitcomet.com/redirect.asp?url=http://www.85851.com/xml/bt.xml" display="BT论坛地址" infotip="BT论坛大全"/>
		<shouji expend="false" display="手机频道" infotip="手机频道">
            <gsma type="url" value="http://go.bitcomet.com/redirect.asp?url=http://sou.85851.com/" display="手机图铃免费搜索" infotip="手机图铃免费搜索"/>
		    <gsmb type="url" value="http://go.bitcomet.com/redirect.asp?url=http://sms.85851.com/down_ring.asp" display="手机铃声" infotip="手机铃声"/>
		    <gsmc type="url" value="http://go.bitcomet.com/redirect.asp?url=http://sms.85851.com/down_pic.asp" display="待机图片" infotip="待机图片"/>
		    <gsmd type="url" value="http://go.bitcomet.com/redirect.asp?url=http://sms.85851.com/down_book.asp" display="手机电子书" infotip="手机电子书"/>
		    <gsme type="url" value="http://go.bitcomet.com/redirect.asp?url=http://sms.85851.com/down_theme.asp" display="手机主题" infotip="手机主题"/>
            <gsmf type="url" value="http://go.bitcomet.com/redirect.asp?url=http://sms.85851.com/down_game.asp" display="手机游戏" infotip="手机游戏"/>
		    <gsmg type="url" value="http://go.bitcomet.com/redirect.asp?url=http://sms.85851.com/down_soft.asp" display="手机软件" infotip="手机软件"/>
		</shouji>
		<Gxsp expend="false" display="搞笑与动漫" infotip="国内外搞笑视频与动漫大集中">
		  <guowai type="url" value="http://go.bitcomet.com/redirect.asp?url=http://vod.85851.com/class/class20.html" display="国外搞笑视频" infotip="国外搞笑视频"/>
		  <guonei type="url" value="http://go.bitcomet.com/redirect.asp?url=http://vod.85851.com/class/class18.html" display="国内搞笑视频" infotip="国内搞笑视频"/>
		  <zxmh type="url" value="http://go.bitcomet.com/redirect.asp?url=http://zxmh.85851.com/" display="在线漫画" infotip="在线漫画"/>
		  <dmyy type="url" value="http://go.bitcomet.com/redirect.asp?url=http://myyy.85851.com/" display="动漫音乐" infotip="动漫音乐"/>
		  <dmqy type="url" value="http://go.bitcomet.com/redirect.asp?url=http://dmqy.85851.com/" display="动漫新闻" infotip="动漫新闻"/>
		</Gxsp>
		<Games expend="false" type="url" value="http://go.bitcomet.com/redirect.asp?url=http://www.85851.com/dp/index.html"  display="小游戏" infotip="精选小游戏"> 
		  <mj type="url" value="http://go.bitcomet.com/redirect.asp?url=http://www.85851.com/dp/class/9_1.htm" display="敏捷类" infotip="敏捷类"/>
		  <mx type="url" value="http://go.bitcomet.com/redirect.asp?url=http://www.85851.com/dp/class/13_1.htm" display="冒险类" infotip="冒险类"/>
		  <cl type="url" value="http://go.bitcomet.com/redirect.asp?url=http://www.85851.com/dp/class/10_1.htm" display="策略类" infotip="策略类"/>
		  <ty type="url" value="http://go.bitcomet.com/redirect.asp?url=http://www.85851.com/dp/class/15_1.htm" display="体育类" infotip="体育类"/>
		  <yz type="url" value="http://go.bitcomet.com/redirect.asp?url=http://www.85851.com/dp/class/11_1.htm" display="益智类" infotip="益智类"/>
		  <sj type="url" value="http://go.bitcomet.com/redirect.asp?url=http://www.85851.com/dp/class/16_1.htm" display="射击类" infotip="射击类"/>
		  <gd type="url" value="http://go.bitcomet.com/redirect.asp?url=http://www.85851.com/dp/class/12_1.htm" display="格斗类" infotip="格斗类"/>
		  <xs type="url" value="http://go.bitcomet.com/redirect.asp?url=http://www.85851.com/dp/class/17_1.htm" display="休闲类" infotip="休闲类"/>
		</Games>
       	<online expend="false" display="游戏频道" infotip="网络、单机游戏相关BT下载集中地">
		 <yxsp expend="false" display="游戏视频" infotip="游戏视频">
		  <zxmh type="url" value="http://go.bitcomet.com/redirect.asp?url=http://vod.85851.com/class/class7.html" display="魔兽世界" infotip="魔兽世界"/>
		  <cs type="url" value="http://go.bitcomet.com/redirect.asp?url=http://vod.85851.com/class/class23.html" display="反恐精英" infotip="反恐精英"/>
		  <ms type="url" value="http://go.bitcomet.com/redirect.asp?url=http://vod.85851.com/class/class24.html" display="魔兽争霸" infotip="魔兽争霸"/>
		  <xj type="url" value="http://go.bitcomet.com/redirect.asp?url=http://vod.85851.com/class/class26.html" display="星际争霸" infotip="星际争霸"/>
          <boor type="url" value="http://go.bitcomet.com/redirect.asp?url=http://vod.85851.com/class/class27.html" display="足球实况" infotip="足球实况"/>
		  <game type="url" value="http://go.bitcomet.com/redirect.asp?url=http://vod.85851.com/class/class28.html" display="网络游戏" infotip="网络游戏"/>
		 </yxsp>
		 <khd type="url" value="http://go.bitcomet.com/redirect.asp?url=http://www.85851.com/dp/class/6_1.htm" display="网游客户端下载" infotip="网游客户端下载"/>
		 <bd type="url" value="http://go.bitcomet.com/redirect.asp?url=http://www.85851.com/dp/class/7_1.htm" display="网游补丁下载" infotip="网游补丁下载"/>
		</online>
	   	<Links expend="true" display="优惠活动" infotip="优惠活动...">
			<c type="url" value="http://iplus.allyes.com/main/adfclick?db=iplus&amp;bid=101,26,1&amp;cid=37496,5062,1&amp;sid=56&amp;show=ignore&amp;url=http://adtaobao.allyes.com/main/adfclick?db=adtaobao&amp;bid=31,32,5&amp;cid=355,73,1&amp;sid=100&amp;show=ignore&amp;url=http://www.taobao.com?allyesPara=355" display="淘宝网免费注册" infotip="免费开店 轻松交易"/>
			<c type="url" value="http://iplus.allyes.com/main/adfclick?db=iplus&amp;bid=101,26,1&amp;cid=37496,5062,1&amp;sid=56&amp;show=ignore&amp;url=http://adtaobao.allyes.com/main/adfclick?db=adtaobao&amp;bid=31,32,5&amp;cid=355,73,1&amp;sid=100&amp;show=ignore&amp;url=http://www.taobao.com/theme/women.php?allyesPara=355" display="感动女人的那些八卦" infotip="感动女人的那些八卦"/>
			<c type="url" value="http://iplus.allyes.com/main/adfclick?user=lele|bitcome|bitcome_12&amp;db=iplus&amp;bid=4566,197,9&amp;cid=37813,5109,14&amp;sid=1115&amp;show=ignore&amp;url=http://u.lele.com/zt/6/?a=1089&amp;b=0&amp;c=601&amp;d=0&amp;e=143147|3781300429528004566" display="彩信铃声图片随意下" infotip="彩信铃声图片随意下"/>
			<c type="url" value="http://iplus.allyes.com/main/adfclick?db=iplus&amp;bid=101,26,1&amp;cid=37496,5062,1&amp;sid=56&amp;show=ignore&amp;url=http://adtaobao.allyes.com/main/adfclick?db=adtaobao&amp;bid=31,32,5&amp;cid=355,73,1&amp;sid=100&amp;show=ignore&amp;url=http://iplusms.allyes.com/nims/gamelist/gamelistpopreg.htm?allyesPara=355" display="超低游戏QQ专区" infotip="超低游戏QQ专区"/>
			<c type="url" value="http://www.linktoad.com/adclick.php?aid=094563&amp;cid=2299&amp;url=http://vod.85851.com/class/class1.html" display="武林外传之搞笑视频" infotip="85851娱乐频道"/>
		 </Links>
		<HomePage type="url" value="http://go.bitcomet.com/redirect.asp?url=http://www.bitcomet.com/index-zh.htm" display="频道相关内容" infotip="频道以及BitComet更新、支持...">
			<BitCometHomePage type="url" value="http://go.bitcomet.com/redirect.asp?url=http://bbs.85851.com/forumdisplay.php?fid=8" display="频道内容意见和建议区" infotip="感谢你的意见以及支持"/>
			<BitCometHomePage type="url" value="http://go.bitcomet.com/redirect.asp?url=http://bbs.85851.com/forumdisplay.php?fid=4" display="搞笑视频建议区" infotip="感谢你的意见以及支持"/>
			<BitCometHomePage type="url" value="http://go.bitcomet.com/redirect.asp?url=http://bbs.85851.com/forumdisplay.php?fid=5" display="小游戏建议区" infotip="感谢你的意见以及支持"/>
            <BitCometHomePage type="url" value="http://go.bitcomet.com/redirect.asp?url=http://bbs.85851.com/forumdisplay.php?fid=6" display="动漫频道建议区" infotip="感谢你的意见以及支持"/>
			<BitCometHomePage type="url" value="http://go.bitcomet.com/redirect.asp?url=http://bbs.85851.com/forumdisplay.php?fid=3" display="网络游戏建议区" infotip="感谢你的意见以及支持"/>
			<BitCometHomePage type="url" value="http://go.bitcomet.com/redirect.asp?url=http://www.bitcomet.com/index-zh.htm" display="BitComet软件主页" infotip="浏览BitComet软件官方主页"/>
			<BitCometSupport type="url" value="http://go.bitcomet.com/redirect.asp?url=http://bbs.btchina.net/forumdisplay.php?s=&amp;forumid=82" display="BitComet软件论坛" infotip="BitComet软件中文论坛（作者没有支持义务，但欢迎大家讨论）"/>
		</HomePage>
	</Favourite>
	<Filter>
		<item>mdbchina.com/</item>
		<item>bitcomet.com/</item>
	</Filter>
</BitComet>
