﻿<?xml version="1.0" encoding="utf-8"?>
<BitComet Author="RnySmile" Translator="iQuE" Version="0.1">
	<Favourite>
		<WebSite expend="true" display="Sites de Torrents" infotip="Listar sites de Torrents...">
            <elitewebt3 type="url" value="http://www.elitewebt3.com/" display="elitwebt3" infotip="Site espanhol com boas torrents"/>
            <torrents type="url" value="http://www.2torrents.com" display="2Torrents" infotip="An awesome site with plenty of new .torrents being added every day." />
            <isohunt type="url" value="http://www.isohunt.com/js/redir/BitComet.php" display="isoHunt" infotip="big search engine for any type of torrent" />
            <mininova type="url" value="http://www.mininova.org" display="Mininova" infotip="the place to come for torrents everyday" />
            <torrentportal type="url" value="http://www.torrentportal.com/" display="TorrentPortal" infotip="A great portal with alot of dedicated uploaders" />
            <thepiratebay type="url" value="http://www.thepiratebay.org/" display="ThePirateBay" infotip="The biggest tracker in Sweden" />
		</WebSite>
		<GeneralSite expend="true" display="Sites sobre P2P" infotip="Sites sobre P2P em geral...">
			<Slyck type="url" value="http://www.slyck.com/" display="Slyck" infotip="Slyck - Novidades e informações sobre compartilhamento de arquivos"/>
            <youceff type="url" value="http://www.youceff.com/" display="Youceff" infotip="Community dedicated to torrents" />
            <faq type="url" value="http://www.dessent.net/btfaq/" display="BittorrentFAQ" infotip="Learn everything you need to know about bittorrent" />
		</GeneralSite>
		<HomePage expend="true" type="url" icon="4" value="http://www.bitcomet.com/" display="BitComet HomePage" infotip="Atualizações do BitComet, suporte...">
			<BitCometHomePage type="url" value="http://www.bitcomet.com/" display="BitComet Homepage" />
			<BitCometForums type="url" value="http://www.p2pforums.com/viewforum.php?c=10" display="BitComet Forums" />
		</HomePage>
	</Favourite>
</BitComet>
