<?xml version="1.0" encoding="utf-8"?>
<BitComet Author="RnySmile" Version="0.1">
	<Favourite>
		<SloStuff expend="true" display="Slovenske strani" infotip="Slovenska p2p scena">
			<slofs type="url" value="http://www.slo-filesharing.com/" display="Slo-FileSharing" infotip="Slovenska stran o p2p sceni"/>
			<slofstracker type="url" value="http://slofs-tracker.org/browse.php" display="SloFS Tracker" infotip="Slovenski tracker ;)"/>
			<torrentbits type="url" value="http://www.torrentbits.org/browse.php" display="TorrentBits" infotip=""/>
			<isohunt.com type="url" value="http://isohunt.com/" display="isohunt.com" infotip=""/>
		</SloStuff>
		<GeneralSite expend="true" display="Ostale strani o p2p sceni" infotip="">
			<Slyck type="url" value="http://www.slyck.com/" display="Slyck" infotip=""/>
			<Slyck type="url" value="http://www.zeropaid.com/" display="ZeroPaid" infotip=""/>
			<Slyck type="url" value="http://www.nforce.nl/" display="NFOrce" infotip=""/>
			<Slyck type="url" value="http://www.vcdquality.com/" display="VCDQuality" infotip=""/>
		</GeneralSite>
        <GeneralSite expend="true" display="P2P General Site" infotip="P2P General Site...">
            <slyck type="url" value="http://www.slyck.com/" display="Slyck" infotip="Slyck - File Sharing News and Info" />
            <youceff type="url" value="http://www.youceff.com/" display="Youceff" infotip="Community dedicated to torrents" />
            <faq type="url" value="http://www.dessent.net/btfaq/" display="BittorrentFAQ" infotip="Learn everything you need to know about bittorrent" />
        </GeneralSite>
        <HomePage expend="true" type="url" value="http://www.bitcomet.com/" display="BitComet HomePage" infotip="BitComet Update, Support...">
            <BitCometHomePage type="url" value="http://www.bitcomet.com/" display="BitComet Homepage" />
            <BitCometForums type="url" value="http://bitcomet.p2pforums.com" display="BitComet Forums" />
        </HomePage>
	</Favourite>
</BitComet>
