<?xml version="1.0" encoding="utf-8"?>
<BitComet Author="RnySmile" Version="0.1"><!-- <fav_nl_nl Author="TuoniTeam" Version="0.1"> -->
	<Favourite>
		<Top expend="true" display="Top 3 - Torrent Sites" infotip="Browse Torrents Sites of the best 3...">
		    <torrentspy type="url" value="http://www.torrentspy.com/" display="1.) Torrentspy.com" infotip="The Most Advanced Torrent Search Engine"/>
			<torrentreactor type="url" value="http://torrentreactor.com/" display="2.) Torrentreactor.com" infotip="torrentreactor.com"/>
			<hypertorrent type="url" value="http://www.hypertorrent.com/" display="3.) Hypertorrent.com" infotip="Bittorrent search engine..."/>
		</Top>
		<WebSite expend="true" display="Torrent Sites" infotip="Browse Torrents Sites...">
			<link2u type="url" value="http://www.link2u.tk/" display="Link2u.tk" infotip="The BitTorrent Link Sites with Torrent Sites..."/>
            <torrents type="url" value="http://www.2torrents.com" display="2Torrents" infotip="An awesome site with plenty of new .torrents being added every day." />
            <isohunt type="url" value="http://www.isohunt.com/js/redir/BitComet.php" display="isoHunt" infotip="big search engine for any type of torrent" />
            <mininova type="url" value="http://www.mininova.org" display="Mininova" infotip="the place to come for torrents everyday" />
            <torrentportal type="url" value="http://www.torrentportal.com/" display="TorrentPortal" infotip="A great portal with alot of dedicated uploaders" />
            <thepiratebay type="url" value="http://www.thepiratebay.org/" display="ThePirateBay" infotip="The biggest tracker in Sweden" />
			<bitworld type="url" value="http://www.bitworld.info/" display="Bitworld.info" infotip="Bitworld.info (Garman)"/>
			<Filelist type="url" value="http://www.Filelist.org" display="Bitworld.info" infotip="Your Best Source Of Downloads!"/>
			<Login expend="true" display="Torrent Login Sites" infotip="Browse Torrents Sites For Which You Must Login...">
				<torrentbits type="url" value="http://www.torrentbits.org/" display="TorrentBits.org" infotip="The place where the more your share the more you will get. [Login]"/>
				<torrentskickass type="url" value="http://www.torrentskickass.com/" display="Torrentskickass.com" infotip="Torrentskickass.com [Login]"/>
				<kompletlywyred type="url" value="http://www.kompletlywyred.com/" display="Kompletlywyred.com" infotip="Its a lifestyle not a game. [Login]"/>
				<filelist type="url" value="http://www.filelist.org/" display="Filelist.org" infotip="Filelist.org [Login]"/>
				<joint type="url" value="http://www.420joint.com/bt/" display="420joint.com/bt/" infotip="420joint Torrents [Login]"/>
			</Login>
		</WebSite>
        <GeneralSite expend="true" display="P2P General Site" infotip="P2P General Site...">
            <slyck type="url" value="http://www.slyck.com/" display="Slyck" infotip="Slyck - File Sharing News and Info" />
            <youceff type="url" value="http://www.youceff.com/" display="Youceff" infotip="Community dedicated to torrents" />
            <faq type="url" value="http://www.dessent.net/btfaq/" display="BittorrentFAQ" infotip="Learn everything you need to know about bittorrent" />
        </GeneralSite>
		<HomePage expend="true" type="url" value="http://www.bitcomet.com/" display="BitComet HomePage" infotip="BitComet Update, Support...">
			<BitCometHomePage type="url" value="http://www.bitcomet.com/" display="BitComet Homepage" />
			<BitCometForums type="url" value="http://bitcomet.p2pforums.com" display="BitComet Forums" />
		</HomePage>
	</Favourite>
</BitComet>

