<?xml version="1.0" encoding="ISO-8859-1"?>
<BitComet Author="RnySmile" Translator="Verdict" Version="0.1">
	<Favourite>
		<ChatRooms expend="true" icon="14" display="Keskusteluhuoneet" infotip="Keskusteluhuoneita...">
			<Mirror type="torrent_url" value="http://www.bitcomet.com/chatrooms/bitcomet_zh_cn.torrent" display="BitComet-Chat (testi)" infotip="Keskustelua BitCometista"/>
		</ChatRooms>
		<WebSite expend="true" display="Torrent-sivustoja" infotip="Torrent-sivustoja...">
			<suprnova type="url" value="http://www.suprnova.org/" display="Suprnova.org" />
			<torrentbits type="url" value="http://www.torrentbits.org/browse.php" display="TorrentBits" />
			<animesuki type="url" value="http://www.animesuki.com/" display="AnimeSuki" />
			<torrentskickass type="url" value="http://www.torrentskickass.com/" display="TorrentsKickAss" />
			<torrentreactor type="url" value="http://torrentreactor.com/" display="TorrentReactor" />
			<Sharelive type="url" value="http://www5.sharelive.com/" display="Sharelive" />
			<hawkies-world type="url" value="http://www.forum2.hawkies-world.com/" display="Hawkie's World" />
			<phoenix-torrents type="url" value="http://www.phoenix-torrents.com/" display="Phoenix-Torrents" />
			<isohunt.com type="url" value="http://isohunt.com/" display="Isohunt" infotip=""/>
			<piratbyran type="url" value="http://tracker.piratbyran.org" display="The Pirate Bay" />
		</WebSite>
		<SearchEngine expend="true" display="Torrent-hakuja" infotip="Etsi Torrentteja...">
			<torrentlinks type="url" value="http://www.torrentlinks.com/" display="torrentlinks.com" />
			<novasearch type="url" value="http://search.suprnova.org/" display="search.suprnova.org" />
			<torrentindex type="url" value="http://www.torrentindex.org/" display="torrentindex.org" />
		</SearchEngine>
		<GeneralSite expend="true" display="P2P-sivustoja" infotip="P2P-aiheisia sivustoja">
			<Slyck type="url" value="http://www.slyck.com/" display="Slyck" />
			<P2PForums type="url" value="http://www.p2pforums.com" display="P2P" />
		</GeneralSite>
		<HomePage expend="true" display="BitComet" infotip="BitCometiin liittyv�t sivustot">
			<BitCometHomePage type="url" value="http://www.bitcomet.com/" display="BitCometin kotisivu" />
			<BitCometForums type="url" value="http://bitcomet.p2pforums.com" display="BitCometin foorumi" />
		</HomePage>
	</Favourite>
</BitComet>
