<?xml version="1.0" encoding="utf-8"?>
<BitComet Author="RnySmile" Version="0.1">
	<Favourite>
		<WebSite display="Torrent Sites" infotip="Browse Torrents Sites...">
			<suprnova type="url" value="http://www.suprnova.org/" display="Suprnova.org" infotip="An awesome site with plenty of new .torrents being added every day."/>
			<voracity type="url" value="http://voracity.net/" display="voracity.net" infotip="an insatiable appetite for an activity or pursuit"/>
			<animesuki type="url" value="http://www.animesuki.com/" display="AnimeSuki.com" infotip="BitTorrent @ AnimeSuki.com"/>
			<bytemonsoon type="url" value="http://www.bytemonsoon.net/" display="Bytemonsoon.net" infotip="Another good site that posts all of their .torrents to a forum style board"/>
			<torrentskickass type="url" value="http://www.torrentskickass.com/" display="torrentskickass.com" infotip="torrentskickass.com"/>
			<torrentreactor type="url" value="http://torrentreactor.com/" display="torrentreactor.com" infotip="torrentreactor.com"/>
			<thdawn type="url" value="http://bittorrent.7thdawn.net/" display="bittorrent.7thdawn.net" infotip="Another forum style distribution site."/>
			<torrentreactor type="url" value="http://torrentreactor.com/" display="torrentreactor.com" infotip="torrentreactor.com"/>
			<Sharelive type="url" value="http://www5.sharelive.com/" display="www5.sharelive.com" infotip="requires registration to use"/>
			<hawkies-world type="url" value="http://www.forum2.hawkies-world.com/" display="Hawkie World" infotip="requires registration to use"/>
			<phoenix-torrents type="url" value="http://www.phoenix-torrents.com/" display="phoenix-torrents" infotip="requires registration to use"/>
			<isohunt.com type="url" value="http://isohunt.com/" display="isohunt.com" infotip="isohunt.com..."/>
		</WebSite>
		<SearchEngine display="Torrent Site Search" infotip="Find Other Torrent Site...">
			<torrentlinks type="url" value="http://www.torrentlinks.com/" display="torrentlinks.com" infotip="Find Other Torrent Site..."/>
		</SearchEngine>
		<GeneralSite display="P2P General Site" infotip="P2P General Site...">
			<Slyck type="url" value="http://www.slyck.com/" display="Slyck" infotip="Slyck - File Sharing News and Info"/>
		</GeneralSite>
		<HomePage type="url" value="http://www.bitcomet.com/" display="BitComet HomePage" infotip="BitComet Update, Support...">
			<BitCometHomePage type="url" value="http://www.bitcomet.com/" display="BitComet Homepage" />
			<BitCometForums type="url" value="http://www.p2pforums.com/viewforum.php?f=35" display="BitComet Forums" />
		</HomePage>
	</Favourite>
</BitComet>
