<?xml version="1.0" encoding="utf-8"?>
<BitComet Author="RnySmile" Version="0.1">
	<Favourite>
		<WebSite expend="true" display="BT发布站点" infotip="浏览国内BT站点...">
			<BTChina type="url" value="http://www.btchina.net/" display="BT @ China" infotip="BT @ China 联盟发布页"/>
            <ezine type="url" value="http://ck.mdbchina.com/ck_stat/ck.php?aid=29&amp;url=http://ezine.bitcomet.com/" display="BC电子杂志发布页" infotip="BC电子杂志发布页"/>
			<online type="url" value="http://ck.mdbchina.com/ck_stat/ck.php?aid=57&amp;url=http://game.bitcomet.com/" display="网络游戏发布页" infotip="网络游戏相关BT下载集中地"/>
			<TLF type="url" value="http://bt.eastgame.net/" display="TLF@BT下载站" infotip="BT @ TLF 发布页"/>
			<GameSirHell type="url" value="http://bt.gamesir.com/" display="GameSir" infotip="=GameSir= －=HELL=－ 游戏动漫联合BitTorrent发布页"/>
			<GreedLand type="url" value="http://bt.greedland.net/" display="贪婪大陆" infotip="动漫下载宝地"/>
			<Mdbchina type="url" value="http://www.mdbchina.com/" display="中国影视库" infotip="中国影视库"/>
			<imagegarden type="url" value="http://www.imagegarden.net/bt/" display="伊美姬BT下载" infotip="下载音乐的绝好的地方，以APE为主"/>
			<ydy type="url" value="http://bt.ydy.com/" display="伊甸园发布页" infotip="伊甸园BT综艺，美剧大集中"/>
			<cnxp type="url" value="http://bt2.cnxp.com/" display="影视帝国发布页" infotip="电影发布页的强者"/>
			<zingking type="url" value="http://bt.zingking.com/" display="影音休闲中心" infotip=""/>
			<ktxp type="url" value="http://bt.ktxp.com/" display="极影动漫BT" infotip="-=极影动漫BT=- 最新动漫下载"/>
			<wang type="url" value="http://bt.ccmove.com/" display="玩转手机" infotip="玩转手机"/>
			<bestgame type="url" value="http://bt.bestmovie.cn/" display="顶好影线" infotip="顶好影线"/>
            <icefish type="url" value="http://bt.icefish.org/" display="冰鱼发布页" infotip="冰鱼发布页"/>
			<bt type="url" value="http://www.58bt.com/fd.asp" display="BT网站大全" infotip="BT精采网站"/>
		</WebSite>
	    <Item type="xml" value="http://www.85851.com/xml/bt.xml" display="BT论坛地址" infotip="BT论坛大全"/>
		<shouji expend="false" display="手机频道" infotip="手机频道">
            <gsma type="url" value="http://sou.bitcomet.com/" display="手机图铃免费搜索" infotip="手机图铃免费搜索"/>
		    <gsmb type="url" value="http://sms.bitcomet.com/down_ring.asp" display="手机铃声" infotip="手机铃声"/>
		    <gsmc type="url" value="http://sms.bitcomet.com/down_pic.asp" display="待机图片" infotip="待机图片"/>
		    <gsmd type="url" value="http://sms.bitcomet.com/down_book.asp" display="手机电子书" infotip="手机电子书"/>
		    <gsme type="url" value="http://sms.bitcomet.com/down_theme.asp" display="手机主题" infotip="手机主题"/>
            <gsmf type="url" value="http://sms.bitcomet.com/down_game.asp" display="手机游戏" infotip="手机游戏"/>
		    <gsmg type="url" value="http://sms.bitcomet.com/down_soft.asp" display="手机软件" infotip="手机软件"/>
		</shouji>
		<Gxsp expend="false" type="url" value="http://gx.bitcomet.com/index.htm?bc" display="搞笑与动漫" infotip="国内外搞笑视频与动漫大集中">
		  <guowai type="url" value="http://gx.bitcomet.com/class/2_1.htm?bc" display="搞笑视频" infotip="搞笑视频"/>
		  <guonei type="url" value="http://gx.bitcomet.com/class/3_1.htm?bc" display="搞笑图片" infotip="搞笑图片"/>
		  <Flash type="url" value="http://gx.bitcomet.com/class/4_1.htm?bc" display="搞笑Flash" infotip="搞笑Flash"/>
		  <comic type="url" value="http://gx.bitcomet.com/class/23_1.htm?bc" display="幽默笑话" infotip="幽默笑话"/>
		  <comic type="url" value="http://gx.bitcomet.com/ddt.asp?bc" display="在线自拍大头贴" infotip="在线自拍大头贴"/>
          <zazhi type="url" value="http://game.bitcomet.com/zone/index.html" display="BC杂志-漫画专区" infotip="全球第一本漫画杂志"/>
		  <zxmh type="url" value="http://ck.85851.com/ck_stat/ck.php?aid=19&amp;url=http://comic.mdbchina.com" display="在线漫画" infotip="在线漫画"/>
		  <dmyy type="url" value="http://myyy.85851.com/" display="动漫音乐" infotip="动漫音乐"/>
		  <dmqy type="url" value="http://dmqy.85851.com/" display="动漫新闻" infotip="动漫新闻"/>
		</Gxsp>
		<Games expend="false" type="url" value="http://flash.bitcomet.com/index.htm?bc"  display="小游戏" infotip="精选小游戏"> 
		  <mj type="url" value="http://flash.bitcomet.com/class/9_1.htm?bc" display="敏捷类" infotip="敏捷类"/>
		  <cl type="url" value="http://flash.bitcomet.com/class/10_1.htm?bc" display="策略类" infotip="策略类"/>
		  <ty type="url" value="http://flash.bitcomet.com/class/15_1.htm?bc" display="体育类" infotip="体育类"/>
		  <yz type="url" value="http://flash.bitcomet.com/class/11_1.htm?bc" display="益智类" infotip="益智类"/>
		  <xs type="url" value="http://flash.bitcomet.com/class/17_1.htm?bc" display="休闲类" infotip="休闲类"/>
		  <et type="url" value="http://flash.bitcomet.com/class/23_1.htm?bc" display="儿童类" infotip="儿童类"/>
		  <zz type="url" value="http://flash.bitcomet.com/class/21_1.htm?bc" display="战争类" infotip="战争类"/>
		  <zj type="url" value="http://flash.bitcomet.com/class/22_1.htm?bc" display="专辑类" infotip="专辑类"/>
		  <hz type="url" value="http://flash.bitcomet.com/class/83_1.htm?bc" display="化妆类" infotip="化妆类"/>
		  <bs type="url" value="http://flash.bitcomet.com/class/140_1.htm?bc" display="比赛类" infotip="比赛类"/>
		</Games>
	   	<Links expend="true" display="优惠活动" infotip="优惠活动...">
			<c type="url" value="http://iplus.allyes.com/main/adfclick?db=iplus&amp;bid=101,26,1&amp;cid=4924,825,1&amp;sid=56&amp;show=ignore&amp;url=http://adtaobao.allyes.com/main/adfclick?db=adtaobao&amp;bid=31,32,5&amp;cid=355,73,1&amp;sid=100&amp;show=ignore&amp;url=http://member1.taobao.com/member/login.jhtml?f=top&amp;redirect_url=http://www.taobao.com?allyesPara=355" display="免费注册淘宝" infotip="免费开店 轻松交易"/>
			<c type="url" value="http://ck.mdbchina.com/ck_stat/ck.php?aid=56&amp;url=http://www.mdbchina.com/cmd.asp?cmd=add" display="添电影资料拿大奖" infotip="添电影资料拿大奖"/>
            <c type="url" value="http://comic.mdbchina.com?bcfav" display="在线漫画网" infotip="BC在线漫画网"/>
			<c type="url" value="http://iplus.allyes.com/main/adfclick?db=iplus&amp;bid=8688,26,1&amp;cid=37496,5062,1&amp;sid=56&amp;show=ignore&amp;url=http://adtaobao.allyes.com/main/adfclick?db=adtaobao&amp;bid=31,32,5&amp;cid=355,73,1&amp;sid=100&amp;show=ignore&amp;url=http://www.taobao.com/theme/2006/060717.php?allyesPara=355" display="Q币疯狂降价大行动" infotip="Q币疯狂降价大行动 "/>
			<c type="url" value="http://flash.bitcomet.com/class/84_1.htm?bc" display="韩国美女换衣小游戏" infotip="韩国美女换衣小游戏"/>
			<c type="url" value="http://gx.bitcomet.com/ddt.asp?bcg" display="看美女自拍大头贴" infotip="看美女自拍大头贴"/>
		 </Links>
		<HomePage type="url" value="http://www.bitcomet.com/index-zh.htm" display="频道相关内容" infotip="频道以及BitComet更新、支持...">
			<BitCometHomePage type="url" value="http://bbs.bitcomet.com/forumdisplay.php?fid=8" display="频道内容意见和建议区" infotip="感谢你的意见以及支持"/>
			<BitCometHomePage type="url" value="http://bbs.bitcomet.com/forumdisplay.php?fid=4" display="搞笑视频建议区" infotip="感谢你的意见以及支持"/>
			<BitCometHomePage type="url" value="http://bbs.bitcomet.com/forumdisplay.php?fid=5" display="小游戏建议区" infotip="感谢你的意见以及支持"/>
            <BitCometHomePage type="url" value="http://bbs.bitcomet.com/forumdisplay.php?fid=6" display="动漫频道建议区" infotip="感谢你的意见以及支持"/>
			<BitCometHomePage type="url" value="http://bbs.bitcomet.com/forumdisplay.php?fid=3" display="网络游戏建议区" infotip="感谢你的意见以及支持"/>
			<BitCometHomePage type="url" value="http://www.bitcomet.com/index-zh.htm" display="BitComet软件主页" infotip="浏览BitComet软件官方主页"/>
			<BitCometSupport type="url" value="http://bbs.btchina.net/forumdisplay.php?s=&amp;forumid=82" display="BitComet软件论坛" infotip="BitComet软件中文论坛（作者没有支持义务，但欢迎大家讨论）"/>
		</HomePage>
	</Favourite>
	<Filter>
		<item>mdbchina.com/</item>
		<item>bitcomet.com/</item>
	</Filter>
</BitComet>
