<?xml version="1.0" encoding="utf-8"?>
<BitComet Author="RnySmile" Translator="Anthony Dragoev" Version="0.1">
	<Favourite>
		<WebSite expend="true" display="Торент-сайтове" infotip="Разгледай торент-сайтове...">
			<torrents-bg type="url" value="http://www.torrents-bg.com/" display="www.torrents-bg.com" infotip="Торент-сайтът Torrents-bg"/>
			<torrents-bg type="url" value="http://torrents.find-bg.com/" display="torrents.find-bg.com" infotip="Торент-сайтът на Find-bg"/>
			<torrentbits type="url" value="http://www.torrentbits.org/browse.php" display="TorrentBits" infotip="Мястото, където колкото повече share-ваш толкова повече взимаш"/>
			<smartcall-torrents type="url" value="http://www.smartcall.bg:6969/" display="www.smartcall.bg" infotip="Торент-сайтът на Smart Call"/>
            <torrents type="url" value="http://www.torrentspy.com" display="TorrentSpy" infotip="The Largest BitTorrent Search Engine" />
            <torrents type="url" value="http://www.isohunt.com/js/redir/BitComet.php" display="isoHunt" infotip="big search engine for any type of torrent" />
            <torrents type="url" value="http://www.torrentportal.com/" display="TorrentPortal" infotip="A great portal with alot of dedicated uploaders" />
		    <torrents type="url" value="http://www.mybittorrent.com" display="MyBitTorrent" infotip="MyBitTorrent" />
            <torrents type="url" value="http://www.seedler.org" display="seedler" infotip="seedler" />
			<torrents type="url" value="http://www.fulldls.com" display="fulldls" infotip="Your Source For Daily Torrent Downloads" />
            <torrents type="url" value="http://www.zoozle.org" display="zoozle" infotip="big search engine for any type of torrent" />
            <torrents type="url" value="http://www.bitenova.org" display="bitenova" infotip="bitenova" />
            <torrents type="url" value="http://www.mininova.org" display="Mininova" infotip="the place to come for torrents everyday" />
            <torrents type="url" value="http://www.torrentat.uni.cc" display="torrentat" infotip="arabic public tracker" />
		</WebSite>
		<HomePage expend="true" type="url" value="http://www.bitcomet.com/" display="BitComet Home-страница" infotip="BitComet Актуализации, Поддръжка...">
			<BitCometHomePage type="url" value="http://www.bitcomet.com/" display="BitComet Home-страница" />
			<BitCometForums type="url" value="http://bitcomet.p2pforums.com" display="BitComet Форуми" />
		</HomePage>
	</Favourite>
</BitComet>
