<?xml version="1.0" encoding="utf-8"?>
<BitComet Author="RnySmile" Version="0.1">
    <Favourite>
        <WebSite expend="true" display="Torrent Sites" infotip="Browse Torrents Sites...">
            <torrents type="url" value="http://go.bitcomet.net/redirect/en/?http://www.torrentspy.com" display="TorrentSpy.com" infotip="TorrentSpy.com" />
            <torrents type="url" value="http://go.bitcomet.net/redirect/en/?http://www.mybittorrent.com" display="MyBitTorrent" infotip="MyBitTorrent" />
            <torrents type="url" value="http://go.bitcomet.net/redirect/en/?http://www.torrentportal.com/" display="TorrentPortal" infotip="A great portal with alot of dedicated uploaders" />
            <torrents type="url" value="http://go.bitcomet.net/redirect/en/?http://www.torrentbox.com" display="TorrentBox" infotip="TorrentBox" />
            <torrents type="url" value="http://go.bitcomet.net/redirect/en/?http://www.novatina.com" display="NovaTina" infotip="NovaTina" />
            <torrents type="url" value="http://go.bitcomet.net/redirect/en/?http://www.thepiratebay.org/" display="ThePirateBay" infotip="The biggest tracker in Sweden" />
            <torrents type="url" value="http://go.bitcomet.net/redirect/en/?http://torrentreactor.net" display="TorrentReactor" infotip="TorrentReactor" />
            <torrents type="url" value="http://go.bitcomet.net/redirect/en/?http://www.mininova.org" display="Mininova" infotip="the place to come for torrents everyday" />
            <torrents type="url" value="http://go.bitcomet.net/redirect/en/?http://www.isohunt.com/js/redir/BitComet.php" display="isoHunt" infotip="big search engine for any type of torrent" />
            <torrents type="url" value="http://go.bitcomet.net/redirect/en/?http://www.filesoup.com" display="FileSoup" infotip="FileSoup" />
			<torrents type="url" value="http://go.bitcomet.net/redirect/en/?http://www.animesuki.com/" display="AnimeSuki.com" infotip="BitTorrent @ AnimeSuki.com"/>
            <torrents type="url" value="http://go.bitcomet.net/redirect/en/?http://www.2torrents.com" display="2Torrents" infotip="An awesome site with plenty of new .torrents being added every day." />
        </WebSite>
        <GeneralSite expend="true" display="P2P General Site" infotip="P2P General Site...">
            <slyck type="url" value="http://go.bitcomet.net/redirect/en/?http://www.slyck.com/" display="Slyck" infotip="Slyck - File Sharing News and Info" />
            <youceff type="url" value="http://go.bitcomet.net/redirect/en/?http://www.youceff.com/" display="Youceff" infotip="Community dedicated to torrents" />
            <faq type="url" value="http://go.bitcomet.net/redirect/en/?http://www.dessent.net/btfaq/" display="BittorrentFAQ" infotip="Learn everything you need to know about bittorrent" />
        </GeneralSite>
        <HomePage expend="true" type="url" value="http://www.bitcomet.com/" display="BitComet HomePage" infotip="BitComet Update, Support...">
            <BitCometHomePage type="url" value="http://www.bitcomet.com/" display="BitComet Homepage" />
            <BitCometForums type="url" value="http://bitcomet.p2pforums.com" display="BitComet Forums" />
        </HomePage>
    </Favourite>
</BitComet>