<?xml version="1.0" encoding="utf-8"?>
<BitComet Author="RnySmile" Version="0.1">
	<Favourite>
		<WebSite expend="true" display="Torrent Oldalak" infotip="Tallózás a Torrents oldalak között...">
            <torrents type="url" value="http://www.2torrents.com" display="2Torrents" infotip="An awesome site with plenty of new .torrents being added every day." />
            <isohunt type="url" value="http://www.isohunt.com/js/redir/BitComet.php" display="isoHunt" infotip="big search engine for any type of torrent" />
            <mininova type="url" value="http://www.mininova.org" display="Mininova" infotip="the place to come for torrents everyday" />
            <torrentportal type="url" value="http://www.torrentportal.com/" display="TorrentPortal" infotip="A great portal with alot of dedicated uploaders" />
            <thepiratebay type="url" value="http://www.thepiratebay.org/" display="ThePirateBay" infotip="The biggest tracker in Sweden" />
			<torrentbits type="url" value="http://www.torrentbits.org/browse.php" display="TorrentBits" infotip="Ez a hely ahol több megosztásból válogathatsz"/>
			<animesuki type="url" value="http://www.animesuki.com/" display="AnimeSuki.com" infotip="BitTorrent @ AnimeSuki.com"/>
		</WebSite>
        <GeneralSite expend="true" display="P2P General Site" infotip="P2P General Site...">
            <slyck type="url" value="http://www.slyck.com/" display="Slyck" infotip="Slyck - File Sharing News and Info" />
            <youceff type="url" value="http://www.youceff.com/" display="Youceff" infotip="Community dedicated to torrents" />
            <faq type="url" value="http://www.dessent.net/btfaq/" display="BittorrentFAQ" infotip="Learn everything you need to know about bittorrent" />
        </GeneralSite>
		<HomePage expend="true" type="url" value="http://www.bitcomet.com/" display="BitComet Honlap" infotip="BitComet Frissités, Támogatás...">
			<BitCometHomePage type="url" value="http://www.bitcomet.com/" display="BitComet Honlap"/>
			<BitCometForums type="url" value="http://bitcomet.p2pforums.com" display="BitComet Fórumok"/>
		</HomePage>
	</Favourite>
</BitComet>
