<?xml version="1.0" encoding="utf-8"?>
<BitComet xmlns="http://tempuri.org/fav_en_us.xsd" Author="RnySmile" Version="0.1">
    <Favourite>
        <WebSite expend="true" display="Các site Torrent" infotip="Truy cập các site Torrents...">
            <torrents type="url" value="http://www.2torrents.com" display="2Torrents" infotip="Site tuyệt vời có nhiều file .torrents được upload lên mỗi ngày." />
            <isohunt type="url" value="http://www.isohunt.com/js/redir/BitComet.php" display="isoHunt" infotip="Cỗ máy tìm kiếm khổng lồ cho bất kỳ file torrent nào" />
            <mininova type="url" value="http://www.mininova.org" display="Mininova" infotip="Có thể ghé nơi đây mỗi ngày để tải file torrent về" />
            <torrentportal type="url" value="http://www.torrentportal.com/" display="TorrentPortal" infotip="portal tuyệt vời có nhiều mục upload mỗi ngày" />
            <thepiratebay type="url" value="http://www.thepiratebay.org/" display="ThePirateBay" infotip="Tracker lớn nhất Thụy Điển" />
	   		<animesuki type="url" value="http://www.animesuki.com/" display="AnimeSuki.com" infotip="BitTorrent @ AnimeSuki.com"/>
   			<btchina type="url" value="http://www.btchina.net/" display="btchina.net" infotip="Website Trung Quốc, nơi có thể tìm kiếm nhiều file torrent thuộc nhiều thể loại"/>
        </WebSite>
        <GeneralSite expend="true" display="Các site thông tin chung về P2P" infotip="Các site thông tin chung về P2P...">
            <slyck type="url" value="http://www.slyck.com/" display="Slyck" infotip="Slyck - Thời sự và thông tin về chia sẻ file" />
            <youceff type="url" value="http://www.youceff.com/" display="Youceff" infotip="Cộng đồng những người đóng góp cho torrents" />
            <faq type="url" value="http://www.dessent.net/btfaq/" display="BittorrentFAQ" infotip="Tìm hiểu mọi thứ về bittorrent" />
        </GeneralSite>
		<Links expend="true" display="Promotions" infotip="Promotions...">
			<c type="url" value="http://www.dpbolvw.net/t982nmvsmu9BGAABDG9BADAFAGD" display="Web Host @ StartLogic" infotip="Free setup/domain, Web builder, unlimited emails, PHP, mySQL, CGI, FrontPage. From $6.50/month. Click for more info."/>
			<c type="url" value="http://www.kqzyfj.com/9f104wktqks79E889BE798B898AE" display="900,000+ Songs Online" infotip="Listen to Music Online with 900,000+ Songs at your fingertips with RealRhapsody. 14 day free trial, then only $9.95 month"/>
		</Links>
        <HomePage expend="true" type="url" value="http://www.bitcomet.com/" display="Trang chủ BitComet" infotip="Cập nhật, trợ giúp, ... về BitComet">
            <BitCometHomePage type="url" value="http://www.bitcomet.com/" display="Trang chủ BitComet" />
            <BitCometForums type="url" value="http://bitcomet.p2pforums.com" display="Diễn đàn BitComet" />
        </HomePage>
    </Favourite>
</BitComet>