﻿<?xml version="1.0" encoding="utf-8"?>
<BitComet Author="X-Ray" Version="0.1">
	<Favourite>
		<WebSite display="Torrent 資源發佈網站" infotip="瀏覽國內 BT 網站...">
			<BTChina type="url" value="http://bt.btchina.net/" display="BT @ China" infotip="BT @ China 聯盟發佈頁">
				<Mirror type="url" value="http://bt.cnxp.com/" display="影視帝國鏡像" infotip="BT @ China 聯盟(bt.cnxp.com)"/>
				<Mirror type="url" value="http://bt.itbbs.net/bt/" display="ITBBS鏡像" infotip="BT @ China 聯盟(bt.itbbs.net/bt/)"/>
				<Mirror type="url" value="http://bt1.btchina.net/" display="BTFans鏡像" infotip="BT @ China 聯盟(bt1.btchina.net)"/>
				<Mirror type="url" value="http://gopp.com.cn/bt/" display="彭彭在線鏡像" infotip="BT @ China 聯盟(gopp.com.cn/bt/)"/>
				<Mirror type="url" value="http://bt.ndbbs.com/" display="您的論壇鏡像" infotip="BT @ China 聯盟(bt.ndbbs.com)"/>
				<Mirror type="url" value="http://gopp.com.cn/bt/" display="彭彭在線鏡像" infotip="BT @ China 聯盟(gopp.com.cn/bt/)"/>
				<Mirror type="url" value="http://bt.btchina.net/" display="BTFans鏡像" infotip="BT @ China 聯盟(bt.btchina.net)"/>
			</BTChina>
			<TLF type="url" value="http://bt.eastgame.net/" display="BitTorrent @ TLF" infotip="BT @ TLF 發佈頁">
				<Mirror type="url" value="http://bt1.eastgame.net/" display="鏡像1" infotip="TLF BT 發佈頁鏡像1(bt1.eastgame.net)"/>
				<Mirror type="url" value="http://bt2.eastgame.net/" display="鏡像2" infotip="TLF BT 發佈頁鏡像2(bt2.eastgame.net)"/>
				<Mirror type="url" value="http://bt3.eastgame.net/" display="鏡像3" infotip="TLF BT 發佈頁鏡像3(bt3.eastgame.net)"/>
				<BBS type="url" value="http://www.eastgame.net/" display="TLF論壇" infotip="TLF 論壇"/>
			</TLF>
			<GameSirHell type="url" value="http://bt.gamesir.com/" display="GameSir &amp; HELL" infotip="=GameSir= 遊戲動漫聯合 BitTorrent 發佈頁"/>
			<GreedLand type="url" value="http://bt.greedland.net/" display="貪婪大陸" infotip="貪婪大陸 - BT 發佈區"/>
		</WebSite>
		<SearchEngine display="Torrent 搜尋" infotip="搜尋 BT 資源下載...">
			<BTChina type="url" value="http://search.52bt.net/" display="BT @ China 聯盟搜尋引擎" infotip="BT @ China 聯盟搜尋引擎"/>
			<BiTower type="url" value="http://www.bitower.com/" display="BT守望者(BiTower)" infotip="BT 守望者(BiTower) - BT 搜尋引擎"/>
			<BTChina type="url" value="http://bt.btchina.net/" display="BT @ China" infotip="BT 和 DC++ 愛好者"/>
		</SearchEngine>
		<HomePage type="url" value="http://www.bitcomet.com/index-zh.htm" display="BitComet 軟件主頁" infotip="BitComet 更新、支持...">
			<BitCometHomePage type="url" value="http://www.bitcomet.com/index-zh.htm" display="BitComet 官方主頁" infotip="瀏覽 BitComet 官方主頁"/>
			<BitCometSupport type="url" value="http://bbs.btchina.net/forumdisplay.php?s=&amp;forumid=17" display="BitComet 技術支持論壇" infotip="BitComet 技術支持中文論壇（作者沒有支持義務，但歡迎大家討論）"/>
		</HomePage>
	</Favourite>
</BitComet>
