<?xml version="1.0" encoding="utf-8"?>
<BitComet Author="X-Ray" Version="0.1">
	<Favourite>
		<WebSitebig5 expend="true" display="繁體 Torrent 資源發佈網站" infotip="瀏覽各大繁體 BT 網站...">
			<p2pzone type="url" value="http://forum.p2pzone.org/" display="P2PZone/HK@P2P-Forum" infotip="P2PZone/HK@P2P-Forum"/>
			<plusbb type="url" value="http://www.plusbb.com/" display="PlusBB" infotip="BT專業論壇"/>
		</WebSitebig5>
		<Links expend="true" display="網頁遊戲" infotip="無需下載，點擊即玩">
			<c type="url" value="http://tf.txwy.tw/?bcl" display="機器人大戰" infotip="首款RPG風格的策略戰爭網頁遊戲"/>
			<c type="url" value="http://ww2.txwy.tw/?bcl" display="二戰總動員" infotip="無需下載，點擊即玩"/>
			<c type="url" value="http://m.txwy.tw/?bcl" display="天魔録" infotip="無需下載，點擊即玩"/>
			<c type="url" value="http://ao.txwy.tw/?bcl" display="傲仙" infotip="無需下載，點擊即玩"/>
			<c type="url" value="http://long.txwy.tw/?bcl" display="龍之契約" infotip="無需下載，點擊即玩"/>
		</Links>
	</Favourite>
	<SearchToolbar>
		<s title="奇摩" link="http://tw.yahoo.com/" html="http://tw.search.yahoo.com/search?fr=yfp&amp;ei=utf-8&amp;v=0&amp;p=${QUERY}" />
	</SearchToolbar>
</BitComet>
