<?xml version="1.0" encoding="utf-8"?>
<BitComet Author="RnySmile" Version="0.1">
	<Favourite>
      <video expend="true" display="热门视频网站" infotip="视频网站">
		 <room type="url" value="www.bitcomet.com\client\download-video\flv\flv_6room_zh.html" display="六房间-可下载" infotip="六房间" />
         <wl type="url" value="www.bitcomet.com\client\download-video\flv\flv_56_zh.html" display="我乐-可下载" infotip="我乐"/>
		 <oo type="url" value="www.bitcomet.com\client\download-video\flv\flv_oo_zh.html" display="偶偶娱乐-可下载" infotip="偶偶娱乐"/>
		 <tuduo type="url" value="www.bitcomet.com\client\download-video\flv\flv_tudou_zh.html" display="土豆网-可下载" infotip="土豆网"/>
	  </video>
		<WebSite expend="false" display="BT发布站点" infotip="浏览国内BT站点...">
			<BTChina type="url" value="http://www.btchina.net/" display="BT @ China" infotip="BT @ China 联盟"/>
            <ezine type="url" value="http://www.mdbchina.com/go/ezine.html" display="电子杂志" infotip="BC电子杂志发布页"/>
			<online type="url" value="http://www.mdbchina.com/go/game.html" display="网络游戏" infotip="网络游戏相关BT下载集中地"/>
			<TLF type="url" value="http://bt.eastgame.net/" display="TLF" infotip="BT @ TLF 发布页"/>
			<GameSirHell type="url" value="http://www.mdbchina.com/go/gamesir.html" display="GameSir" infotip="=GameSir= －=HELL=－ 游戏动漫联合BitTorrent发布页"/>
			<GreedLand type="url" value="http://www.mdbchina.com/go/greedland.html" display="贪婪大陆" infotip="动漫下载宝地"/>
			<Mdbchina type="url" value="http://www.mdbchina.com/" display="中国影视库" infotip="中国影视库"/>
			<imagegarden type="url" value="http://www.mdbchina.com/go/imagegarden.html" display="伊美姬" infotip="下载音乐的绝好的地方，以APE为主"/>
			<ydy type="url" value="http://bt.ydy.com/" display="伊甸园" infotip="伊甸园BT综艺，美剧大集中"/>
			<cnxp type="url" value="http://www.mdbchina.com/go/bt2.html" display="影视帝国" infotip="电影发布页的强者"/>
			<zingking type="url" value="http://www.mdbchina.com/go/zingking.html" display="影音休闲" infotip=""/>
			<ktxp type="url" value="http://www.mdbchina.com/go/ktxp.html" display="极影动漫" infotip="-=极影动漫=- 最新动漫下载"/>
			<wang type="url" value="http://www.mdbchina.com/go/papav.html" display="玩转手机" infotip="玩转手机"/>
			<bestgame type="url" value="http://bt.bestmovie.cn/" display="顶好影线" infotip="顶好影线"/>
            <icefish type="url" value="http://bt.icefish.org/" display="冰鱼" infotip="冰鱼发布页"/>
			<bt type="url" value="http://www.17995.com/fd.htm" display="BT网站大全" infotip="BT精采网站"/>
		</WebSite>
	    <Item expend="false" display="BT论坛地址" infotip="BT论坛大全">
    <tree type="url" value="http://www.mdbchina.com/go/bt2.html" display="影视帝国" infotip="影视帝国">
		<tree  type="url" value="http://bbs.cnxp.com/forumdisplay.php?fid=184" display="体育BT小组" infotip="体育BT小组" />
		<tree type="url" value="http://bbs.cnxp.com/forumdisplay.php?fid=185" display="动漫BT小组" infotip="动漫BT小组" />
		<tree type="url" value="http://bbs.cnxp.com/forumdisplay.php?fid=186" display="连续剧BT小组" infotip="连续剧BT小组" />		
		<tree infotip="电影BT小组" type="url" value="http://bbs.cnxp.com/forumdisplay.php?fid=187" display="电影BT小组" />		
		<tree type="url" value="http://bbs.cnxp.com/forumdisplay.php?fid=116" display="BT电影" infotip="BT电影" />	
		<tree type="url" value="http://bbs.cnxp.com/forumdisplay.php?fid=115" display="BT连续剧" infotip="BT连续剧" />		
		<tree type="url" value="http://bbs.cnxp.com/forumdisplay.php?fid=117" display="BT动漫" infotip="BT动漫" />	
		<tree type="url" value="http://bbs.cnxp.com/forumdisplay.php?fid=118" display="BT综艺" infotip="BT综艺" />	
		<tree type="url" value="http://bbs.cnxp.com/forumdisplay.php?fid=158" display="BT音乐" infotip="BT音乐" />	
		<tree type="url" value="http://bbs.cnxp.com/forumdisplay.php?fid=156" display="BT体育" infotip="BT体育" />	
		<tree type="url" value="http://bbs.cnxp.com/forumdisplay.php?fid=120" display="BT游戏" infotip="BT游戏" />	
		<tree type="url" value="http://bbs.cnxp.com/forumdisplay.php?fid=162" display="BT-DVDRIP" infotip="BT-DVDRIP" />		
    </tree>
    <tree type="url" value="http://zy.ydy.com/bbs/index.php" display="YDY综艺分坛" infotip="YDY综艺分坛" >
	    <tree display="周末综艺" infotip="周末综艺" type="url" value="http://zy.ydy.com/bbs/thread.php?fid=25" />
	    <tree display="明星访谈" infotip="明星访谈" type="url" value="http://zy.ydy.com/bbs/thread.php?fid=26" />
	    <tree display="新闻*排行" infotip="新闻*排行" type="url" value="http://zy.ydy.com/bbs/thread.php?fid=27" />
	    <tree display="凤凰剧场" infotip="凤凰剧场" type="url" value="http://zy.ydy.com/bbs/thread.php?fid=28" />
	    <tree display="内地综" infotip="内地综艺" type="url" value="http://zy.ydy.com/bbs/thread.php?fid=29" />
	    <tree display="国外综艺" infotip="国外综艺" type="url" value="http://zy.ydy.com/bbs/thread.php?fid=30" />
	    <tree display="体育BT区" infotip="体育BT区" type="url" value="http://zy.ydy.com/bbs/thread.php?fid=24" />
	    <tree display="其他综艺" infotip="其他综艺" type="url" value="http://zy.ydy.com/bbs/thread.php?fid=31" />
    </tree>
    <tree display="YDY美剧分坛" infotip="YDY美剧分坛" type="url" value="http://sfile.ydy.com/bbs/thread.php?fid=18" >
    </tree>
    <tree display="5Q地带" infotip="5Q地带" type="url" value="http://bbs.5qzone.net/index.php" >
	    <tree display="电影" infotip="电影" type="url" value="http://bbs.5qzone.net/c_thread.php?fid=85" />
	    <tree display="连续剧" infotip="连续剧" type="url" value="http://bbs.5qzone.net/c_thread.php?fid=29" />
	    <tree display="音乐" infotip="音乐" type="url" value="http://bbs.5qzone.net/c_thread.php?fid=39" />
	    <tree display="动漫" infotip="动漫" type="url" value="http://bbs.5qzone.net/c_thread.php?fid=33" />
	    <tree display="综艺体育" infotip="综艺体育" type="url" value="http://bbs.5qzone.net/c_thread.php?fid=35" />
         <tree display="游戏" infotip="游戏" type="url" value="http://bbs.5qzone.net/c_thread.php?fid=41" />
  	</tree>
     <tree display="Btchina论坛" infotip="Btchina论坛" type="url" value="http://bbs.btchina.net" >
        <tree display="游戏资源" infotip="游戏资源" type="url" value="http://bbs.btchina.net/forumdisplay.php?s=ad556b6bd5369ccfa5888ab1b8d9648b&amp;forumid=3" />
        <tree display="模拟器游戏" infotip="模拟器游戏" type="url" value="http://bbs.btchina.net/forumdisplay.php?s=ad556b6bd5369ccfa5888ab1b8d9648b&amp;forumid=100" />   
	    <tree display="DVDRip&amp;HDTV" infotip="DVDRip&amp;HDTV" type="url" value="http://bbs.btchina.net/forumdisplay.php?s=ad556b6bd5369ccfa5888ab1b8d9648b&amp;forumid=70" />
        <tree display="港台连续剧" infotip="港台连续剧" type="url" value="http://bbs.btchina.net/forumdisplay.php?s=ad556b6bd5369ccfa5888ab1b8d9648b&amp;forumid=19" />
	    <tree display="日韩连续剧" infotip="日韩连续剧" type="url" value="http://bbs.btchina.net/forumdisplay.php?s=ad556b6bd5369ccfa5888ab1b8d9648b&amp;forumid=18" />
	    <tree display="欧美连续剧" infotip="欧美连续剧" type="url" value="http://bbs.btchina.net/forumdisplay.php?s=ad556b6bd5369ccfa5888ab1b8d9648b&amp;forumid=141" />
        <tree display="大陆及其他连续" infotip="大陆及其他连续剧" type="url" value="http://bbs.btchina.net/forumdisplay.php?s=ad556b6bd5369ccfa5888ab1b8d9648b&amp;forumid=142" />
	    <tree display="体育节目" infotip="体育节目" type="url" value="http://bbs.btchina.net/forumdisplay.php?s=ad556b6bd5369ccfa5888ab1b8d9648b&amp;forumid=140" />
	    <tree display="综艺节目" infotip="综艺节目" type="url" value="http://bbs.btchina.net/forumdisplay.php?s=ad556b6bd5369ccfa5888ab1b8d9648b&amp;forumid=143" />
        <tree display="动漫资" infotip="动漫资源" type="url" value="http://bbs.btchina.net/forumdisplay.php?s=ad556b6bd5369ccfa5888ab1b8d9648b&amp;forumid=34" />
        <tree display="音乐资源" infotip="音乐资源" type="url" value="http://bbs.btchina.net/forumdisplay.php?s=ad556b6bd5369ccfa5888ab1b8d9648b&amp;forumid=7" />
	    <tree display="APE音乐" infotip="APE音乐" type="url" value="http://bbs.btchina.net/forumdisplay.php?s=ad556b6bd5369ccfa5888ab1b8d9648b&amp;forumid=39" />
	    <tree display="软件及教育教学资源" infotip="软件及教育教学资源" type="url" value="http://bbs.btchina.net/forumdisplay.php?s=ad556b6bd5369ccfa5888ab1b8d9648b&amp;forumid=27" />
	</tree>
	<tree display="BT之家" infotip="BT之家" type="url" value="http://bbs.btbbt.com/index.php" />
     <tree display="丽影论坛" infotip="丽影论坛" type="url" value="http://www.cn5566.com" />
     <tree display="猪猪乐园" infotip="猪猪乐园" type="url" value="http://bbs.btpig.com/forumdisplay.php?fid=247" />
	<tree display="满分网学习考试" infotip="满分网学习考试" type="url" value="http://www.manfen.net/forum/forumdisplay.php?forumid=815" />
     <tree display="冰鱼娱乐网" infotip="冰鱼娱乐网" type="url" value="http://bbs2.icefish.org/thread.php?fid=30" />
	<tree display="天使影视" infotip="天使影视" type="url" value="http://bbs.pc91.net" />
	<tree display="百看娱乐网" infotip="百看娱乐网" type="url" value="http://www.100kan.com" />
	<tree display="极影论坛" infotip="极影论坛" type="url" value="http://bbs.ktxp.com" />
        <tree display="移动天使手机影音" infotip="移动天使手机影音" type="url" value="http://club.ccmove.com/nclub/boarddisplay.aspx?boardid=1869&amp;pageno=1" />
	<tree display="TLF论坛" infotip="TLF论坛" type="url" value="http://www.eastgame.net" />
        <tree display="BT骄阳" infotip="BT骄阳" type="url" value="http://bt.joyyang.com/" />
	<tree display="BT精采论坛网址" infotip="BT精采论坛网址" type="url" value="http://www.58bt.com/fd.asp" />
</Item>
		<Gxsp expend="false" type="url" value="http://gx.bitcomet.com/index.htm?bc" display="搞笑与动漫" infotip="国内外搞笑视频与动漫大集中">
		  <guowai type="url" value="http://gx.bitcomet.com/class/2_1.htm?bc" display="搞笑视频" infotip="搞笑视频"/>
		  <guonei type="url" value="http://gx.bitcomet.com/class/3_1.htm?bc" display="搞笑图片" infotip="搞笑图片"/>
		  <Flash type="url" value="http://gx.bitcomet.com/class/4_1.htm?bc" display="搞笑Flash" infotip="搞笑Flash"/>
		  <comic type="url" value="http://gx.bitcomet.com/class/23_1.htm?bc" display="幽默笑话" infotip="幽默笑话"/>
		  <comic type="url" value="http://gx.bitcomet.com/ddt.asp?bc" display="在线自拍大头贴" infotip="在线自拍大头贴"/>
		  <zxmh type="url" value="http://ck.85851.com/ck_stat/ck.php?aid=19&amp;url=http://comic.mdbchina.com" display="在线漫画" infotip="在线漫画"/>
		  <dmyy type="url" value="http://myyy.85851.com/" display="动漫音乐" infotip="动漫音乐"/>
		  <dmqy type="url" value="http://dmqy.85851.com/" display="动漫新闻" infotip="动漫新闻"/>
		</Gxsp>
		<Games expend="false" type="url" value="http://my.mdbchina.com/flash/?bc"  display="小游戏" infotip="精选小游戏"> 
		  <mj type="url" value="http://my.mdbchina.com/flash/Class7?bc" display="敏捷类" infotip="敏捷类"/>
		  <cl type="url" value="http://my.mdbchina.com/flash/Class5?bc" display="策略类" infotip="策略类"/>
		  <ty type="url" value="http://my.mdbchina.com/flash/Class8?bc" display="体育类" infotip="体育类"/>
		  <yz type="url" value="http://my.mdbchina.com/flash/Class10?bc" display="益智类" infotip="益智类"/>
		  <xs type="url" value="http://my.mdbchina.com/flash/Class9?bc" display="休闲类" infotip="休闲类"/>
		  <et type="url" value="http://my.mdbchina.com/flash/Class6?bc" display="儿童类" infotip="儿童类"/>
		  <zz type="url" value="http://my.mdbchina.com/flash/Class11?bc" display="战争类" infotip="战争类"/>
		  <zj type="url" value="http://my.mdbchina.com/flash/Class12?bc" display="专辑类" infotip="专辑类"/>
		  <hz type="url" value="http://my.mdbchina.com/flash/Class73?bc" display="化妆类" infotip="化妆类"/>
		  <bs type="url" value="http://flash.bitcomet.com/class/140_1.htm?bc" display="比赛类" infotip="比赛类"/>
		</Games>
	   	<Links expend="true" display="优惠活动" infotip="优惠活动...">
			<c type="url" value="http://my.mdbchina.com/video/?bcg" display="精彩美女小视频" infotip="精彩美女小视频"/>
            <c type="url" value="http://www.mdbchina.com/comic/?bcg" display="免费在线漫画吧" infotip="免费在线漫画" />
			<c type="url" value="http://www.dusee.cn/duseebeauty.html?utm_source=bt012&amp;utm_medium=textlink&amp;utm_campaign=duseebeauty" display="辣女钢管舞视频下载" infotip="辣女钢管舞视频下载"/>
			<c type="url" value="http://my.mdbchina.com/video/VideoTopics/?bcg" display="最新电影免费在线看" infotip="最新电影免费在线看"/>
			<c type="url" value="http://my.mdbchina.com/flash/class72?bcg" display="韩国美女换衣小游戏" infotip="韩国美女换衣小游戏"/>
			<c type="url" value="http://my.mdbchina.com/Groups/Detail/160/?bcg" display="《黄金甲》爆乳揭秘" infotip="《黄金甲》爆乳揭秘"/>
		 </Links>
		<HomePage type="url" value="http://bbs.bitcomet.com/" display="BitComet软件论坛" infotip="BitComet软件中文论坛"/>
	</Favourite>
	<Filter>
		<item>mdbchina.com</item>
		<item>bitcomet.com</item>
	</Filter>
  <CometZoneMenu>
      <SEPARATOR/>
      <Users MenuType="POPUP" display="我的管理中心">
        <LinkPage ActionType="link" Parameter="http://my.mdbchina.com/Message/RecMessage.aspx?menu" display="我的消息"/>
        <LinkPage ActionType="link" Parameter="http://my.mdbchina.com/UserInfo.aspx?menu" display="修改资料"/>
        <LinkPage ActionType="link" Parameter="http://my.mdbchina.com/Groups/Friend/?menu" display="我的好友"/>
        <LinkPage ActionType="link" Parameter="http://my.mdbchina.com/Groups/Apply.aspx?menu" display="申请小组"/>
      </Users>
      <LinkPage ActionType="link" Parameter="http://my.mdbchina.com/Users/${USER_ID}/?menu" display="我的个人主页"/>
      <LinkPage ActionType="link" Parameter="http://my.mdbchina.com/Media/Picture/myAlbums.aspx?menu" display="我的相册"/>
      <LinkPage ActionType="link" Parameter="http://my.mdbchina.com/Media/HeadPic/myHeadPic.aspx?menu" display="我的大头贴"/>
      <SEPARATOR/>
      <LinkPage ActionType="link" Parameter="http://my.mdbchina.com/Media/HeadPic/ddt.aspx?menu" display="拍摄大头贴"/>
      <LinkPage ActionType="link" Parameter="http://my.mdbchina.com/Media/Picture/add.aspx?menu" display="上传照片"/>
  </CometZoneMenu>
  <MovieLibMenu>
    <ChinaMovie MenuType="POPUP" display="中国影视库(&amp;M)">
      <LinkPage ActionType="link" Parameter="http://www.mdbchina.com/?menu" display="影视库首页"/>
      <LinkPage ActionType="link" Parameter="http://www.mdbchina.com/webdata/recnew/rec_1.html?menu" display="最新推荐电影"/>
      <LinkPage ActionType="link" Parameter="http://www.mdbchina.com/webdata/recnew/new_1.html?menu" display="最新热门电影"/>
      <LinkPage ActionType="link" Parameter="http://www.mdbchina.com/sections/years/?menu" display="电影百年"/>
      <LinkPage ActionType="link" Parameter="http://www.mdbchina.com/sections/stars/?menu" display="百年影人"/>
      <LinkPage ActionType="link" Parameter="http://www.mdbchina.com/sections/trailers/?menu" display="电影预告片"/>
      <LinkPage ActionType="link" Parameter="http://www.mdbchina.com/displayFYB.html?menu" display="搜索风云榜"/>
      <LinkPage ActionType="link" Parameter="http://www.mdbchina.com/webdata/phbother/phbother10_1.html?menu" display="影视排行榜"/>
      <SEPARATOR/>
      <LinkPage ActionType="link" Parameter="http://my.mdbchina.com/?menu" display="我的影社"/>
      <LinkPage ActionType="link" Parameter="http://my.mdbchina.com/Community/?menu" display="影视讨论小组"/>
      <LinkPage ActionType="link" Parameter="http://my.mdbchina.com/World/?menu" display="影视同城交友"/>
      <LinkPage ActionType="link" Parameter="http://my.mdbchina.com/Video/?menu" display="在线影视片段"/>
      <LinkPage ActionType="link" Parameter="http://my.mdbchina.com/media/Picture/?menu" display="影友相册"/>
      <LinkPage ActionType="link" Parameter="http://my.mdbchina.com/Media/headpic/?menu" display="影友大头贴"/>
      <LinkPage ActionType="link" Parameter="http://my.mdbchina.com/flash/?menu" display="休闲小游戏"/>
      <LinkPage ActionType="link" Parameter="http://www.mdbchina.com/comic/?menu" display="在线漫画"/>
    </ChinaMovie>
  </MovieLibMenu>
</BitComet>
