﻿<?xml version="1.0" encoding="utf-8"?>
<BitComet Author="MONOSY" Version="0.1">
	<Favourite>
		<WebSite display="Torrent トラッカー" infotip="トラッカーを参照...">
			<suprnova type="url" value="http://www.suprnova.org/" display="海外-SuprNova.org"/>
			<animesuki type="url" value="http://www.animesuki.com/" display="海外-AnimeSuki.com"/>
		</WebSite>
		<SearchEngine display="Torrent サーチ" infotip="Torrentの検索やダウンロード...">
			<torrentlinks type="url" value="http://www.angelfire.com/creep/torrents/index.html" display="Bit Torrent ネットワーク" infotip="BitTorrentのリンク集..."/>
		</SearchEngine>
		<HomePage type="url" icon="4" value="http://www.bitcomet.com/" display="BitComet ホームページ" infotip="BitComet アップデートやサポート...">
			<BitCometHomePage type="url" value="http://www.bitcomet.com/" display="BitCometの公式サイト" />
			<BitCometForums type="url" value="http://bitcomet.p2pforums.com" display="BitCometのフォーラム" />
		</HomePage>
	</Favourite>
</BitComet>
