<?xml version="1.0" encoding="utf-8"?>
<BitComet Author="RnySmile" Version="0.1">
	<Favourite>
		<ChatRooms expend="true" icon="14" display="主题聊天室" infotip="主题聊天室...">
			<Mirror type="torrent_url" value="http://www.bitcomet.com/chatrooms/bitcomet_zh_cn.torrent" display="BitComet聊天室" infotip="BitComet爱好者的聚会闲谈场所^_^"/>
		</ChatRooms>
		<WebSite expend="true" display="Torrent发布站点" infotip="浏览国内BT站点...">
			<BTChina type="url" icon="4" value="http://bt.btchina.net/" display="BT @ China" infotip="BT @ China 联盟发布页">
				<Mirror type="url" value="http://bt.btchina.net/" display="BT@China镜像" infotip="BT @ China 联盟(bt.btchina.net)"/>
				<Mirror type="url" value="http://bt1.btchina.net/" display="BT@China镜像" infotip="BT @ China 联盟(bt1.btchina.net)"/>
				<Mirror type="url" value="http://bt2.btchina.net/" display="BT@China镜像" infotip="BT @ China 联盟(bt2.btchina.net)"/>
				<Mirror type="url" value="http://bt3.btchina.net/" display="BT@China镜像" infotip="BT @ China 联盟(bt3.btchina.net)"/>
				<Mirror type="url" value="http://nycz.btchina.net/" display="BT@China海外镜像" infotip="BT @ China 联盟海外镜像(NYCz Warez Group提供)"/>
			</BTChina>
			<TLF type="url" icon="4" value="http://bt.eastgame.net/" display="BitTorrent @ TLF" infotip="BT @ TLF 发布页">
				<Mirror type="url" value="http://bt1.eastgame.net/" display="镜像1" infotip="TLF BT发布页镜像1(bt1.eastgame.net)"/>
				<Mirror type="url" value="http://bt2.eastgame.net/" display="镜像2" infotip="TLF BT发布页镜像2(bt2.eastgame.net)"/>
				<Mirror type="url" value="http://bt3.eastgame.net/" display="镜像3" infotip="TLF BT发布页镜像3(bt3.eastgame.net)"/>
				<BBS type="url" value="http://www.eastgame.net/" display="TLF论坛" infotip="TLF论坛"/>
			</TLF>
			<GameSirHell type="url" value="http://bt.gamesir.com/" display="GameSir &amp; HELL" infotip="=GameSir= －=HELL=－ 游戏动漫联合BitTorrent发布页"/>
			<GreedLand type="url" value="http://bt.greedland.net/" display="贪婪大陆" infotip="动漫下载宝地"/>
			<imagegarden type="url" value="http://www.imagegarden.net/bt/" display="伊美姬网怡红快绿" infotip="下载音乐的绝好的地方，以APE为主"/>
			<ydy type="url" value="http://bt.ydy.com/" display="伊甸园BT&amp;字幕下载区" infotip="伊甸园BT&amp;字幕下载区"/>
			<zingking type="url" value="http://bt.zingking.com/" display="影音休闲中心" infotip=""/>
		</WebSite>
		<ForumSite expend="true" display="相关论坛" infotip="一些BT相关的论坛链接...">
			<cnxp type="url" value="http://bbs.cnxp.com/" display="影视帝国" infotip=""/>
			<cnxp type="url" value="http://bbs.btbbt.com/" display="BT之家" infotip=""/>
			<cnxp type="url" value="http://www.bt800.com/bbs/" display="简约论坛" infotip=""/>
			<cnxp type="url" value="http://www.cn5566.com/" display="丽影论坛" infotip=""/>
			<cnxp type="url" value="http://www.cqbbs.net/" display="春秋影视论坛" infotip=""/>
			<cnxp type="url" value="http://www.manfen.net/forum/forumdisplay.php?forumid=815" display="满分网学习考试BT" infotip=""/>
			<cnxp type="url" value="http://bbs.pc91.net" display="天使影视" infotip=""/>
			<cnxp type="url" value="http://www.100kan.com" display="百看娱乐网" infotip=""/>
		</ForumSite>
		<SearchEngine expend="true" display="Torrent搜索" infotip="搜索BT资源下载...">
			<BTChina type="url" value="http://bt.btchina.net/" display="BT @ China 联盟搜索引擎" infotip="BT @ China 联盟搜索引擎"/>
			<BiTower type="url" value="http://www.bitower.com/" display="BT守望者(BiTower)" infotip="BT守望者(BiTower)--BT搜索引擎"/>
			<bt52 type="url" value="http://www.52bt.net" display="更多精彩网址" infotip=""/>
		</SearchEngine>
		<HomePage type="url" icon="4" value="http://www.bitcomet.com/index-zh.htm" display="BitComet软件主页" infotip="BitComet更新、支持...">
			<BitCometHomePage type="url" value="http://www.bitcomet.com/index-zh.htm" display="BitComet官方主页" infotip="浏览BitComet官方主页"/>
			<BitCometSupport type="url" value="http://bbs.btchina.net/forumdisplay.php?s=&amp;forumid=82" display="BitComet技术支持论坛" infotip="BitComet技术支持中文论坛（作者没有支持义务，但欢迎大家讨论）"/>
		</HomePage>
	</Favourite>
</BitComet>
