<?xml version="1.0" encoding="utf-8"?>
<BitComet Author="RnySmile" Translator="PiaSkun" Version="0.1">
	<Favourite>
		<ChatRooms expend="true" icon="14" display="Chat Rooms" infotip="Browse Chat Rooms...">
			<Mirror type="torrent_url" value="http://www.bitcomet.com/chatrooms/bitcomet_zh_cn.torrent" display="BitComet Chat Room (Test)" infotip="Chatting about BitComet ^_^"/>
		</ChatRooms>
		<WebSite display="Strony z Torrentami" infotip="Strony z Torrentami...">
			<org.pl type="url" value="http://torrent.org.pl/" display="Torrent.org.pl" infotip="Najwieksza polska strona z torrentami, codzienne aktualizacje. Wymaga rejestracji."/>
   	        <er.pl type="url" value="http://torrent.er.pl/" display="Torrent.er.pl" infotip="Druga pod wzgledem popularnosci strona torrentowa."/>
            <suprnova type="url" value="http://www.suprnova.org/" display="Suprnova.org" infotip="Chyba najwieksza zagraniczna strona z torrentami. Codzienna aktualizacja plikow."/>
            <phoenix-torrents type="url" value="http://www.phoenix-torrents.com/" display="phoenix-torrents" infotip="Spora porcja torrentow wstawianych na forum. Wymaga rejestracji"/>
			<voracity type="url" value="http://voracity.net/" display="voracity.net" infotip="nienasycony apetyt na aktywnosc lub pogon"/>
			<animesuki type="url" value="http://www.animesuki.com/" display="AnimeSuki.com" infotip="BitTorrent @ AnimeSuki.com"/>
			<bytemonsoon type="url" value="http://www.bytemonsoon.net/" display="Bytemonsoon.net" infotip="Kolejna dobra strona, na ktorej wszystkie torrenty zawarte sa na forum."/>
			<torrentskickass type="url" value="http://www.torrentskickass.com/" display="torrentskickass.com" infotip="torrentskickass.com"/>
			<torrentreactor type="url" value="http://torrentreactor.com/" display="torrentreactor.com" infotip="torrentreactor.com"/>
			<thdawn type="url" value="http://bittorrent.7thdawn.net/" display="bittorrent.7thdawn.net" infotip="Kolejna strona w stylu forum."/>
			<torrentreactor type="url" value="http://torrentreactor.com/" display="torrentreactor.com" infotip="torrentreactor.com"/>
			<Sharelive type="url" value="http://www5.sharelive.com/" display="www5.sharelive.com" infotip="wymaga rejestracji"/>
			<hawkies-world type="url" value="http://www.forum2.hawkies-world.com/" display="Hawkie World" infotip="wymaga rejestracji"/>
			<isohunt.com type="url" value="http://isohunt.com/" display="isohunt.com" infotip="isohunt.com..."/>
		</WebSite>
		<SearchEngine display="Wyszukiwarki Torrent" infotip="Znajdz inne strony o tematyce torrenta...">
			<torrentlinks type="url" value="http://www.torrentlinks.com/" display="torrentlinks.com" infotip="Znajdz inne strony torrentowe..."/>
		</SearchEngine>
		<GeneralSite display="Strony Ogolne P2P" infotip="Strony Ogolne P2P...">
			<Slyck type="url" value="http://www.slyck.com/" display="Slyck" infotip="Slyck - Newsy i Info o Wspoldzieleniu Plikow"/>
		</GeneralSite>
		<HomePage type="url" value="http://www.bitcomet.com/" display="Strona Domowa BitComet" infotip="BitComet Update, Wsparcie Techniczne...">
			<BitCometHomePage type="url" value="http://www.bitcomet.com/" display="Strona Domowa BitComet" />
			<BitCometForums type="url" value="http://bitcomet.p2pforums.com/" display="Forum BitComet'a" />
		</HomePage>
	</Favourite>
</BitComet>

