﻿<?xml version="1.0" encoding="utf-8"?>
<BitComet Author="RnySmile" Version="0.1">
    <Favourite>
        <WebSite expend="true" display="Сайти з торрентами" infotip="Сайти з торрентами...">
                <torrents type="url" value="http://www.share.net.ua" display="#SHARE.NET.UA" infotip="Міжнародний українськомовний Emule та торрент ресурс. Українські Iгри, Фiльми, Музика, Рiзне...!"/>
                <torrents type="url" value="http://www.muzon.com/" display="#MUZON.COM" infotip="Міжнародний українськомовний MP3 ресурс. Українська Музика!"/>
                <torrents type="url" value="http://torrents.ru:6969/" display="#Torrents.Ru" infotip="Міжнародний російськомовний торрент ресурс. Iгри, Фiльми, Музика, Рiзне... Інколи українські фільми/музика!"/>
                <torrents type="url" value="http://www.kinozal.com/" display="#Кiнозал" infotip="Міжнародний російськомовний торрент ресурс. Iгри, Фiльми, Музика, Рiзне..."/>
                <torrents type="url" value="http://www.rusdivx.ee/ibf/" display="#Rusdivx" infotip="Russian digital movie alliance. Фiльми. "/>
                <torrents type="url" value="http://www.thepiratebay.org/" display="#The PirateBay" infotip="The biggest tracker in Sweden. One of the best worldwide!" />
                <torrents type="url" value="http://www.isohunt.com/js/redir/BitComet.php" display="#IsoHunt" infotip="Big search engine for any type of torrent." />
                <torrents type="url" value="http://torrentspy.com/" display="#TorrentSpy.com" infotip="The Largest BitTorrent Community" />
                <torrents type="url" value="http://www.bt-club.org/" display="BT CLUB" infotip="Pосійськомовний торрент ресурс. Iгри, Фiльми, Музика, Рiзне..."/>
                <torrents type="url" value="http://sharelita.net/" display="Sharelita" infotip="Pосійськомовний торрент та EMule ресурс. Iгри, Фiльми, Музика, Рiзне"/>
                <torrents type="url" value="http://bittorrent.rusboard.com/" display="Rusboard" infotip="Rusboard bittorrent. Фiльми, Музика, Софт, Рiзне..."/>
                <torrents type="url" value="http://torrents-bg.com/" display="Torrent-BG" infotip="Tоррент ресурс. Iгри, Фiльми, Музика, Рiзне."/>
                <torrents type="url" value="http://www.upashi.com/" display="У дядi Паши" infotip="Pосійськомовний торрент ресурс. Фiльми."/>
                <torrents type="url" value="http://www.hodka.com/" display="Третя ходка" infotip="Pосійськомовний торрент ресурс. Фiльми."/>
                <torrents type="url" value="http://vialand.in.lutsk.ua/" display="ViALand" infotip="Pосійськомовний торрент ресурс. Рiзне."/>
                <torrents type="url" value="http://reliz.panteon4u.net/index.php" display="Пантеон" infotip="Pосійськомовний торрент ресурс. Фiльми, Музика."/>
                <torrents type="url" value="http://bt.dtiltas.lt/" display="BT club" infotip="Pосійськомовний торрент ресурс - BT CLUB."/>
                <torrents type="url" value="http://www.torrentportal.com/" display="TorrentPortal" infotip="A great portal with a lot of dedicated uploaders" />
		<torrents type="url" value="http://www.animesuki.com/" display="AnimeSuki.com" infotip="BitTorrent @ AnimeSuki.com"/>
                <torrents type="url" value="http://www.2torrents.com" display="2Torrents" infotip="An awesome site with plenty of new .torrents being added every day." />

        </WebSite>
        <GeneralSite expend="true" display="Iнформацiя про P2P" infotip="Сайти з загальною інформацією про P2P...">
            <slyck type="url" value="http://go.bitcomet.net/redirect/en/?http://www.slyck.com/" display="Slyck" infotip="Slyck - Пізнавально-інформаційний сайт, все про Р2Р." />
            <youceff type="url" value="http://go.bitcomet.net/redirect/en/?http://www.youceff.com/" display="Youceff" infotip="Community dedicated to torrents" />
            <faq type="url" value="http://go.bitcomet.net/redirect/en/?http://www.dessent.net/btfaq/" display="BittorrentFAQ" infotip="Learn everything you need to know about bittorrent" />
        </GeneralSite>
        <HomePage expend="true" type="url" value="http://www.bitcomet.com/" display="Все про BitComet" infotip="BitComet oновлення, технічна підтримка...">
            <BitCometHomePage type="url" value="http://www.bitcomet.com/" display="Домашня сторінка BitComet" />
            <BitCometForums type="url" value="http://bitcomet.p2pforums.com" display="Форум BitComet" />
        </HomePage>
    </Favourite>
</BitComet>