<?xml version="1.0" encoding="utf-8"?>
<BitComet Author="RnySmile" Version="0.1">
	<Favourite>
		<WebSite expend="false" display="BT发布站点" infotip="浏览国内BT站点...">
			<BTChina type="url" value="http://www.btchina.net/" display="BT @ China" infotip="BT @ China 联盟发布页"/>
			<TLF type="url" value="http://bt.eastgame.net/" display="TLF@BT下载站" infotip="BT @ TLF 发布页"/>
			<GameSirHell type="url" value="http://bt.gamesir.com/" display="GameSir" infotip="=GameSir= －=HELL=－ 游戏动漫联合BitTorrent发布页"/>
			<GreedLand type="url" value="http://bt.greedland.net/" display="贪婪大陆" infotip="动漫下载宝地"/>
			<imagegarden type="url" value="http://www.imagegarden.net/bt/" display="伊美姬BT下载" infotip="下载音乐的绝好的地方，以APE为主"/>
			<ydy type="url" value="http://bt.ydy.com/" display="伊甸园发布页" infotip="伊甸园BT综艺，美剧大集中"/>
			<cnxp type="url" value="http://bt2.cnxp.com/" display="影视帝国发布页" infotip="电影发布页的强者"/>
			<zingking type="url" value="http://bt.zingking.com/" display="影音休闲中心" infotip=""/>
			<ktxp type="url" value="http://bt.ktxp.com/" display="极影动漫BT" infotip="-=极影动漫BT=- 最新动漫下载"/>
			<bestgame type="url" value="http://bt.bestmovie.cn/" display="顶好影线" infotip="顶好影线"/>
            <icefish type="url" value="http://bt.icefish.org/" display="冰鱼发布页" infotip="冰鱼发布页"/>
			<bt type="url" value="http://www.58bt.com/fd.asp" display="BT网站大全" infotip="BT精采网站"/>
		</WebSite>
	    <Item type="xml" value="http://www.85851.com/xml/bt.xml" display="BT论坛地址" infotip="BT论坛大全"/>
		<Item type="xml" value="http://www.85851.com/xml/funnyVideo.xml" display="搞笑视频" infotip="国内外搞笑视频大集中"/>
		<Item type="xml" value="http://www.85851.com/xml/games.xml" display="小游戏" infotip="精选小游戏"/>
		<Item type="xml" value="http://www.85851.com/xml/cartoon.xml" display="动漫频道" infotip="动漫频道"/>
		<Item type="xml" value="http://www.85851.com/xml/gamedownload.xml" display="网络游戏" infotip="网络游戏BT下载集中地"/>
	   	<Links expend="true" display="优惠活动" infotip="优惠活动...">
			<c type="url" value="http://iplus.allyes.com/main/adfclick?db=iplus&amp;bid=101,26,1&amp;cid=4924,825,1&amp;sid=56&amp;show=ignore&amp;url=http://adtaobao.allyes.com/main/adfclick?db=adtaobao&amp;bid=31,32,5&amp;cid=355,73,1&amp;sid=100&amp;show=ignore&amp;url=http://maimai.iplus.com.cn/reglist/newreglist.htm?allyesPara=355" display="不收费，还能赚钱" infotip="不收费，还能赚钱"/>
			<c type="url" value="http://iplus.allyes.com/main/adfclick?user=haoxi|bitcomet|bitcomet_12&amp;db=iplus&amp;bid=6594,433,13&amp;cid=34483,4656,18&amp;sid=1419&amp;show=ignore&amp;url=http://www.haoxi.com/spread/price.jsp?leagueId=653&amp;channelId=34483&amp;linkId=6594&amp;page=price2_1" display="彩信铃声图片随意下" infotip="彩信铃声图片随意下"/>
			<c type="url" value="http://iplus.allyes.com/main/adfclick?db=iplus&amp;bid=101,26,1&amp;cid=4924,825,1&amp;sid=56&amp;show=ignore&amp;url=http://adtaobao.allyes.com/main/adfclick?db=adtaobao&amp;bid=31,32,5&amp;cid=355,73,1&amp;sid=100&amp;show=ignore&amp;url=http://maimai.iplus.com.cn/diginew/digitalsearchpage.htm?allyesPara=355" display="体验一种新方式" infotip="体验一种新方式"/>
			<c type="url" value="http://ad.kingsoft.com/click.php?pid=2129&amp;url=union.db.kingsoft.com%2Funion%2Fdownload%2Findex.html%3Fuid%3D8625%2F" display="金山毒霸免费下载" infotip="金山毒霸免费下载"/>
			<c type="url" value="http://iplus.allyes.com/main/adfclick?db=iplus&amp;bid=101,26,1&amp;cid=4924,825,1&amp;sid=56&amp;show=ignore&amp;url=http://adtaobao.allyes.com/main/adfclick?db=adtaobao&amp;bid=31,32,5&amp;cid=355,73,1&amp;sid=100&amp;show=ignore&amp;url=http://maimai.iplus.com.cn/reglist/newreglist.htm?allyesPara=355" display="免费开店 轻松交易" infotip="免费开店 轻松交易"/>
		 </Links>
		<HomePage type="url" value="http://www.bitcomet.com/index-zh.htm" display="频道相关内容" infotip="频道以及BitComet更新、支持...">
			<BitCometHomePage type="url" value="http://bbs.85851.com/forumdisplay.php?fid=8" display="频道内容意见和建议区" infotip="感谢你的意见以及支持"/>
			<BitCometHomePage type="url" value="http://bbs.85851.com/forumdisplay.php?fid=4" display="搞笑视频建议区" infotip="感谢你的意见以及支持"/>
			<BitCometHomePage type="url" value="http://bbs.85851.com/forumdisplay.php?fid=5" display="小游戏建议区" infotip="感谢你的意见以及支持"/>
            <BitCometHomePage type="url" value="http://bbs.85851.com/forumdisplay.php?fid=6" display="动漫频道建议区" infotip="感谢你的意见以及支持"/>
			<BitCometHomePage type="url" value="http://bbs.85851.com/forumdisplay.php?fid=3" display="网络游戏建议区" infotip="感谢你的意见以及支持"/>
			<BitCometHomePage type="url" value="http://www.bitcomet.com/index-zh.htm" display="BitComet软件主页" infotip="浏览BitComet软件官方主页"/>
			<BitCometSupport type="url" value="http://bbs.btchina.net/forumdisplay.php?s=&amp;forumid=82" display="BitComet软件论坛" infotip="BitComet软件中文论坛（作者没有支持义务，但欢迎大家讨论）"/>
		</HomePage>
		<UserChannels icon="4" type="fav" expend="true" display="我的收藏" infotip="我收藏的频道..."/>
	</Favourite>
</BitComet>
