﻿<?xml version="1.0" encoding="utf-8"?>
<BitComet Author="RnySmile" Translator="Svornatel" Version="0.1">
	<Favourite>
		<ChatRooms expend="true" icon="14" display="Salas de bate-papo" infotip="Listar salas de bate-papo...">
			<Mirror type="torrent_url" value="http://www.bitcomet.com/chatrooms/bitcomet_zh_cn.torrent" display="Sala de bate-papo BitComet (teste)" infotip="Bate-papo sobre o BitComet ^_^"/>
		</ChatRooms>
		<WebSite expend="true" display="Portais de torrents" infotip="Listar portais de torrents...">
			<suprnova type="url" value="http://www.suprnova.org/" display="Suprnova.org" infotip="Excelente portal com várias novas torrents adicionadas a cada dia"/>
                         <elitewebt3 type="url" value="http://www.elitewebt3.com/" display="ElitWebt3" infotip="Portal espanhol com boas torrents"/>
			<animesuki type="url" value="http://www.animesuki.com/" display="AnimeSuki.com" infotip="BitTorrent @ AnimeSuki.com"/>
			<bytemonsoon type="url" value="http://www.bytemonsoon.net/" display="ByteMonSoon.net" infotip="Outro bom portal que posta suas torrents num estilo de fórum"/>
			<torrentskickass type="url" value="http://www.torrentskickass.com/" display="TorrentsKickAss.com" infotip="torrentskickass.com"/>
			<torrentreactor type="url" value="http://torrentreactor.com/" display="TorrentReactor.com" infotip="torrentreactor.com"/>
			<thdawn type="url" value="http://bittorrent.7thdawn.net/" display="BitTorrent.7thDawn.net" infotip="Outro portal de distribuição no estilo de fórum"/>
			<torrentreactor type="url" value="http://torrentreactor.com/" display="TorrentReactor.com" infotip="torrentreactor.com"/>
			<Sharelive type="url" value="http://www5.sharelive.com/" display="www5.ShareLive.com" infotip="Requer registro para usar"/>
			<hawkies-world type="url" value="http://www.forum2.hawkies-world.com/" display="Hawkie World" infotip="Requer registro para usar"/>
			<phoenix-torrents type="url" value="http://www.phoenix-torrents.com/" display="Phoenix-Torrents" infotip="Requer registro para usar"/>
			<isohunt.com type="url" value="http://isohunt.com/" display="ISOHunt.com" infotip="ISOHunt.com..."/>
			<voracity type="url" value="http://voracity.net/" display="Voracity.net" infotip="Um apetite insaciável por uma atividade ou perseguição"/>
		</WebSite>
		<SearchEngine expend="true" display="Busca de torrents" infotip="Busca outros portais de torrent...">
			<torrentlinks type="url" value="http://www.torrentlinks.com/" display="TorrentLinks.com" infotip="Encontra outros portais de torrent..."/>
			<n4p type="url" value="http://www.n4p.com/" display="www.N4P.com" infotip="Procurar torrents..."/>
		</SearchEngine>
		<GeneralSite expend="true" display="Portais sobre P2P" infotip="Portais sobre P2P em geral...">
			<Slyck type="url" value="http://www.slyck.com/" display="Slyck" infotip="Slyck - Novidades e informações sobre compartilhamento de arquivos"/>
		</GeneralSite>
		<HomePage expend="true" type="url" icon="4" value="http://www.bitcomet.com/" display="Portal do BitComet" infotip="Atualizações, suporte... do BitComet!">
			<BitCometHomePage type="url" value="http://www.bitcomet.com/" display="Portal do BitComet" />
			<BitCometForums type="url" value="http://www.p2pforums.com/viewforum.php?c=10" display="Fóruns do BitComet" />
		</HomePage>
	</Favourite>
</BitComet>
