﻿<?xml version="1.0" encoding="utf-8"?>
<BitComet Author="nanaco" Version="0.2">
	<Favourite>
		<ChatRooms icon="14" display="チャットルーム" infotip="チャットルームを開く">
			<Mirror type="torrent_url" value="http://www.bitcomet.com/chatrooms/bitcomet_zh_cn.torrent" display="BitCometチャットルーム (Test)" infotip="BitCometについてチャットする ^_^"/>
		</ChatRooms>
		<SearchEngine display="Torrentを探す" infotip="Torrentの検索やダウンロード...">
			<torrentlinks type="url" value="http://www.angelfire.com/creep/torrents/index.html" display="BitTorrentネットワーク" infotip="Torrent配布サイトのリンク"/>
		</SearchEngine>
		<HomePage type="url" icon="4" value="http://www.bitcomet.com/" display="BitComet ホームページ" infotip="BitCometのアップデートやサポート...">
			<BitCometHomePage type="url" value="http://www.bitcomet.com/" display="公式サイト（英語）" />
			<BitCometJP type="url" value="http://bitcomet.atspace.org/" display="非公式日本語版サイト" />
			<BitCometFAQJP type="url" value="http://bitcomet.atspace.org/faq.htm" display="FAQ日本語版"/>
			<BitCometForums type="url" value="http://bitcomet.p2pforums.com/" display="BitComet Forum（英語）" />
		</HomePage>
		<WebSite display="BitTorrent関連サイト" infotip="リンク">
			<BTMania type="url" value="http://cgi.f28.aaacafe.ne.jp/~btmania/pw/pukiwiki.php" display="BT mania" infotip="BitTorrentに関するWiki"/>
			<Mine type="url" value="http://hungry.x0.com/bitt/" display="BitT.マイン.ヌー" infotip="BitTorrent情報サイト"/> 
		</WebSite>
	</Favourite>
</BitComet>
