﻿<?xml version="1.0" encoding="utf-8"?>
<BitComet Author="RnySmile" Version="0.1">
	<Favourite>
		<WebSite expend="true" display="BT发布站点" infotip="浏览国内BT站点...">
			<BTChina type="url" value="http://www.btchina.net/?bcl" display="BT@China" infotip="BT @ China 联盟"/>
			<movie type="url" value="http://m.didai.com/?bcl" display="=电影地带=" infotip="热门DVD电影高速下载" />
			<Mdbchina type="url" value="http://www.mdbchina.cn/?bcl" display=" 中国影视库" infotip="中国影视库"/>
			<cnxp type="url" value="http://bt2.cnxp.com/?bcl" display=" 影视帝国" infotip="电影发布页的强者"/>
			<comic type="url" value="http://m.didai.com/tag/lilmd7593_1.html?bcl" display="=动漫地带=" infotip="最新动漫下载,每日更新" />
			<GreedLand type="url" value="http://m.didai.com/tag/lilmd9710_1.html?bcl" display=" 贪婪大陆" infotip="动漫下载宝地"/>
			<ktxp type="url" value="http://bt.ktxp.com/?bcl" display=" 极影动漫" infotip="-=极影动漫=- 最新动漫下载"/>
			<bbsee type="url" value="http://m.didai.com/tag/lilmd7590_1.html?bcl" display="=综艺节目=" infotip="最新综艺节目,每日更新"/>
			<icefish type="url" value="http://m.didai.com/tag/lilmd5587_1.html?bcl" display=" 冰鱼综艺" infotip="冰鱼发布页"/>
			<ydy type="url" value="http://m.didai.com/tag/lilmd5905_1.html?bcl" display=" 伊甸园" infotip="伊甸园BT综艺，美剧大集中"/>
			<music type="url" value="http://www.txwy.com/?bcl" display="=天下网游=" infotip="无需客户端，彗星通行证直接登录" />
			<Mdbchina type="url" value="http://zs.txwy.com/?bcl" display=" 战神世界" infotip="彗星战神世界"/>
			<Mdbchina type="url" value="http://zq.txwy.com/?bcl" display=" 武林足球2" infotip="彗星武林足球2"/>
			<Mdbchina type="url" value="http://tr.txwy.com/?bcl" display=" 部落战争" infotip="彗星部落战争"/>
			<Mdbchina type="url" value="http://bl.txwy.com/?bcl" display=" 兵临城下" infotip="彗星兵临城下"/>	
			<soft type="url" value="http://www.jprj.com/?bcl" display="常用软件" infotip="精选200多款绿色软件免费下载" />
			<Game type="url" value="http://www.gamedidai.com/?bcl" display="游戏下载" infotip="单机游戏，网络游戏下载" />
			<picture type="url" value="http://pic.didai.com/?bcl" display="美女写真" infotip="热辣图片在线看" />
		</WebSite>
		<Item expend="false" display="BT论坛地址" infotip="BT论坛大全">
			<tree type="url" value="http://bbs.cnxp.com/index.php" display="影视帝国" infotip="影视帝国">
				<tree  type="url" value="http://bbs.cnxp.com/forumdisplay.php?fid=184" display="体育BT小组" infotip="体育BT小组" />
				<tree type="url" value="http://bbs.cnxp.com/forumdisplay.php?fid=185" display="动漫BT小组" infotip="动漫BT小组" />
				<tree type="url" value="http://bbs.cnxp.com/forumdisplay.php?fid=186" display="连续剧BT小组" infotip="连续剧BT小组" />
				<tree infotip="电影BT小组" type="url" value="http://bbs.cnxp.com/forumdisplay.php?fid=187" display="电影BT小组" />
				<tree type="url" value="http://bbs.cnxp.com/forumdisplay.php?fid=116" display="BT电影" infotip="BT电影" />
				<tree type="url" value="http://bbs.cnxp.com/forumdisplay.php?fid=115" display="BT连续剧" infotip="BT连续剧" />
				<tree type="url" value="http://bbs.cnxp.com/forumdisplay.php?fid=117" display="BT动漫" infotip="BT动漫" />
				<tree type="url" value="http://bbs.cnxp.com/forumdisplay.php?fid=118" display="BT综艺" infotip="BT综艺" />
				<tree type="url" value="http://bbs.cnxp.com/forumdisplay.php?fid=158" display="BT音乐" infotip="BT音乐" />
				<tree type="url" value="http://bbs.cnxp.com/forumdisplay.php?fid=156" display="BT体育" infotip="BT体育" />
				<tree type="url" value="http://bbs.cnxp.com/forumdisplay.php?fid=120" display="BT游戏" infotip="BT游戏" />
				<tree type="url" value="http://bbs.cnxp.com/forumdisplay.php?fid=162" display="BT-DVDRIP" infotip="BT-DVDRIP" />
			</tree>
			<tree type="url" value="http://zy.ydy.com/bbs/index.php" display="YDY综艺分坛" infotip="YDY综艺分坛" >
				<tree display="周末综艺" infotip="周末综艺" type="url" value="http://zy.ydy.com/bbs/thread.php?fid=25" />
				<tree display="明星访谈" infotip="明星访谈" type="url" value="http://zy.ydy.com/bbs/thread.php?fid=26" />
				<tree display="新闻*排行" infotip="新闻*排行" type="url" value="http://zy.ydy.com/bbs/thread.php?fid=27" />
				<tree display="凤凰剧场" infotip="凤凰剧场" type="url" value="http://zy.ydy.com/bbs/thread.php?fid=28" />
				<tree display="内地综艺" infotip="内地综艺" type="url" value="http://zy.ydy.com/bbs/thread.php?fid=29" />
				<tree display="国外综艺" infotip="国外综艺" type="url" value="http://zy.ydy.com/bbs/thread.php?fid=30" />
				<tree display="体育BT区" infotip="体育BT区" type="url" value="http://zy.ydy.com/bbs/thread.php?fid=24" />
				<tree display="其他综艺" infotip="其他综艺" type="url" value="http://zy.ydy.com/bbs/thread.php?fid=31" />
			</tree>
			<tree display="YDY美剧分坛" infotip="YDY美剧分坛" type="url" value="http://sfile.ydy.com/bbs/thread.php?fid=18" />
			<tree display="5Q地带" infotip="5Q地带" type="url" value="http://bbs.5qzone.net/index.php" >
				<tree display="电影" infotip="电影" type="url" value="http://bbs.5qzone.net/c_thread.php?fid=85" />
				<tree display="连续剧" infotip="连续剧" type="url" value="http://bbs.5qzone.net/c_thread.php?fid=29" />
				<tree display="音乐" infotip="音乐" type="url" value="http://bbs.5qzone.net/c_thread.php?fid=39" />
				<tree display="动漫" infotip="动漫" type="url" value="http://bbs.5qzone.net/c_thread.php?fid=33" />
				<tree display="综艺体育" infotip="综艺体育" type="url" value="http://bbs.5qzone.net/c_thread.php?fid=35" />
				<tree display="游戏" infotip="游戏" type="url" value="http://bbs.5qzone.net/c_thread.php?fid=41" />
			</tree>
			<tree display="Btchina论坛" infotip="Btchina论坛" type="url" value="http://bbs.btchina.net" >
				<tree display="游戏资源" infotip="游戏资源" type="url" value="http://bbs.btchina.net/forumdisplay.php?s=ad556b6bd5369ccfa5888ab1b8d9648b&amp;forumid=3" />
				<tree display="模拟器游戏" infotip="模拟器游戏" type="url" value="http://bbs.btchina.net/forumdisplay.php?s=ad556b6bd5369ccfa5888ab1b8d9648b&amp;forumid=100" />
				<tree display="DVDRip&amp;HDTV" infotip="DVDRip&amp;HDTV" type="url" value="http://bbs.btchina.net/forumdisplay.php?s=ad556b6bd5369ccfa5888ab1b8d9648b&amp;forumid=70" />
				<tree display="港台连续剧" infotip="港台连续剧" type="url" value="http://bbs.btchina.net/forumdisplay.php?s=ad556b6bd5369ccfa5888ab1b8d9648b&amp;forumid=19" />
				<tree display="日韩连续剧" infotip="日韩连续剧" type="url" value="http://bbs.btchina.net/forumdisplay.php?s=ad556b6bd5369ccfa5888ab1b8d9648b&amp;forumid=18" />
				<tree display="欧美连续剧" infotip="欧美连续剧" type="url" value="http://bbs.btchina.net/forumdisplay.php?s=ad556b6bd5369ccfa5888ab1b8d9648b&amp;forumid=141" />
				<tree display="大陆及其他连续剧" infotip="大陆及其他连续剧" type="url" value="http://bbs.btchina.net/forumdisplay.php?s=ad556b6bd5369ccfa5888ab1b8d9648b&amp;forumid=142" />
				<tree display="体育节目" infotip="体育节目" type="url" value="http://bbs.btchina.net/forumdisplay.php?s=ad556b6bd5369ccfa5888ab1b8d9648b&amp;forumid=140" />
				<tree display="综艺节目" infotip="综艺节目" type="url" value="http://bbs.btchina.net/forumdisplay.php?s=ad556b6bd5369ccfa5888ab1b8d9648b&amp;forumid=143" />
				<tree display="动漫资源" infotip="动漫资源" type="url" value="http://bbs.btchina.net/forumdisplay.php?s=ad556b6bd5369ccfa5888ab1b8d9648b&amp;forumid=34" />
				<tree display="音乐资源" infotip="音乐资源" type="url" value="http://bbs.btchina.net/forumdisplay.php?s=ad556b6bd5369ccfa5888ab1b8d9648b&amp;forumid=7" />
				<tree display="APE音乐" infotip="APE音乐" type="url" value="http://bbs.btchina.net/forumdisplay.php?s=ad556b6bd5369ccfa5888ab1b8d9648b&amp;forumid=39" />
				<tree display="软件及教育教学资源" infotip="软件及教育教学资源" type="url" value="http://bbs.btchina.net/forumdisplay.php?s=ad556b6bd5369ccfa5888ab1b8d9648b&amp;forumid=27" />
			</tree>
			<tree display="满分网学习考试" infotip="满分网学习考试" type="url" value="http://www.manfen.net/forum/forumdisplay.php?forumid=815" />
			<tree display="天使影视" infotip="天使影视" type="url" value="http://bbs.pc91.net" />
			<tree display="百看娱乐网" infotip="百看娱乐网" type="url" value="http://www.100kan.com" />
			<tree display="极影论坛" infotip="极影论坛" type="url" value="http://bbs.ktxp.com" />
			<tree display="移动天使手机影音" infotip="移动天使手机影音" type="url" value="http://club.ccmove.com/nclub/boarddisplay.aspx?boardid=1869&amp;pageno=1" />
			<tree display="TLF论坛" infotip="TLF论坛" type="url" value="http://www.eastgame.net" />
		</Item>
		<Games expend="false" type="url" value="http://my.mdbchina.com/flash/?bcl"  display="休闲小游戏" infotip="精选小游戏">
			<mj type="url" value="http://my.mdbchina.com/flash/Class7?bcl" display="敏捷类" infotip="敏捷类"/>
			<cl type="url" value="http://my.mdbchina.com/flash/Class5?bcl" display="策略类" infotip="策略类"/>
			<ty type="url" value="http://my.mdbchina.com/flash/Class8?bcl" display="体育类" infotip="体育类"/>
			<yz type="url" value="http://my.mdbchina.com/flash/Class10?bcl" display="益智类" infotip="益智类"/>
			<xs type="url" value="http://my.mdbchina.com/flash/Class9?bcl" display="休闲类" infotip="休闲类"/>
			<et type="url" value="http://my.mdbchina.com/flash/Class6?bcl" display="儿童类" infotip="儿童类"/>
			<zz type="url" value="http://my.mdbchina.com/flash/Class11?bcl" display="战争类" infotip="战争类"/>
			<zj type="url" value="http://my.mdbchina.com/flash/Class12?bcl" display="专辑类" infotip="专辑类"/>
			<hz type="url" value="http://my.mdbchina.com/flash/Class73?bcl" display="化妆类" infotip="化妆类"/>
			<bs type="url" value="http://my.mdbchina.com/flash/class125?bcl" display="比赛类" infotip="比赛类"/>
		</Games>
		<Links expend="true" display="热门推荐" infotip="热门资源推荐">
			<c type="url" value="http://www.txwy.com/?bcg" display="边下电影边玩游戏" infotip="BC通行证直接登录无需下载"/>
			<c type="url" value="http://blog.mdbchina.com/?bcg" display="BitComet博客" infotip="快来玩BC博客"/>
			<c type="url" value="http://blog.mdbchina.com/bcmedia/stickers/?bcg" display="美女自拍" infotip="美女自怕大头贴"/>
			<c type="url" value="http://my.mdbchina.com/flash/class72?bcg" display="韩国美女换衣游戏" infotip="韩国美女换衣游戏"/>
		</Links>
		<HomePage type="url" value="http://my.mdbchina.com/tieba/%e6%af%94%e7%89%b9%e5%bd%97%e6%98%9f/?bcl" display="BitComet软件论坛" infotip="BitComet软件中文论坛"/>
	</Favourite>
	<Filter>
		<item>mdbchina.com</item>
		<item>bitcomet.com</item>
	</Filter>
	<CometZoneMenu>
		<SEPARATOR/>
		<LinkPage ActionType="link" Parameter="http://www.mdbchina.cn/?menu" display="中国影视库"/>
		<LinkPage ActionType="link" Parameter="http://m.didai.com/?menu" display="电影地带"/>
		<LinkPage ActionType="link" Parameter="http://www.jprj.com/?menu" display="精品软件"/>
		<LinkPage ActionType="link" Parameter="http://warlord.gamedidai.com/?menu" display="彗星战神世界"/>
		<LinkPage ActionType="link" Parameter="http://travian.gamedidai.com/?menu" display="彗星部落战争"/>
		<LinkPage ActionType="link" Parameter="http://zq.gamedidai.com/?menu" display="彗星武林足球2"/>
	</CometZoneMenu>
	<SearchToolbar>
		<s title="电影" link="http://m.didai.com" html="http://m.didai.com/search/?q=${QUERY}&amp;tn=bctop" />
		<s title="音乐" link="http://mp3.didai.com" html="http://mp3.didai.com/search.aspx?tn=bctop&amp;q=${QUERY}" />
		<s title="游戏" link="http://game.didai.com" html="http://www.gamedidai.com/search.aspx?tn=bctop&amp;q=${QUERY}" />
		<s title="软件" link="http://www.jprj.com" html="http://www.jprj.com/ruanjian_sousuo/?tn=bctop&amp;q=${QUERY}" />
	</SearchToolbar>
</BitComet>