<?xml version="1.0" encoding="utf-8"?>
<BitComet Author="RnySmile" Version="0.0903">
	<Favourite>
		<WebSite expend="true" display="เว็บไซต์ Torrent" infotip="เลือกดูเว็บไซต์ที่เก็บไว้...">
            <torrents type="url" value="http://www.torrentspy.com" display="TorrentSpy" infotip="The Largest BitTorrent Search Engine" />
            <torrents type="url" value="http://www.isohunt.com/js/redir/BitComet.php" display="isoHunt" infotip="big search engine for any type of torrent" />
            <torrents type="url" value="http://www.torrentportal.com/" display="TorrentPortal" infotip="A great portal with alot of dedicated uploaders" />
		    <torrents type="url" value="http://www.mybittorrent.com" display="MyBitTorrent" infotip="MyBitTorrent" />
            <torrents type="url" value="http://www.seedler.org" display="seedler" infotip="seedler" />
			<torrents type="url" value="http://www.fulldls.com" display="fulldls" infotip="Your Source For Daily Torrent Downloads" />
            <torrents type="url" value="http://www.zoozle.org" display="zoozle" infotip="big search engine for any type of torrent" />
            <torrents type="url" value="http://www.bitenova.org" display="bitenova" infotip="bitenova" />
            <torrents type="url" value="http://www.mininova.org" display="Mininova" infotip="the place to come for torrents everyday" />
            <torrents type="url" value="http://www.torrentat.uni.cc" display="torrentat" infotip="arabic public tracker" />
		</WebSite>
		<HomePage expend="true" type="url" value="http://www.bitcomet.com/" display="หน้าหลัก BitComet" infotip="อัพเดท, ช่วยเหลือ, แนะนำ BitComet...">
			<BitCometHomePage type="url" value="http://www.bitcomet.com/" display="หน้าหลัก BitComet" />
			<BitCometForums type="url" value="http://bitcomet.p2pforums.com/" display="กระทู้ BitComet" />
		</HomePage>
	</Favourite>
</BitComet>



