<?xml version="1.0" encoding="utf-8"?>
<BitComet Author="RnySmile" Version="0.1">
	<Rules>
		<UploadSlots>
			<a if_rate_below_kb="10"  slots_min="2"  slots_max="4" />
			<a if_rate_below_kb="20"  slots_min="4"  slots_max="6" />
			<a if_rate_below_kb="50"  slots_min="6"  slots_max="10" />
			<a if_rate_below_kb="80"  slots_min="10" slots_max="20" />
			<a if_rate_below_kb="150" slots_min="20" slots_max="40" />
			<a if_rate_below_kb="250" slots_min="40" slots_max="80" />
		</UploadSlots>
		<DownloadSlots>
			<a if_rate_below_kb="10"  slots_satisfied="10" slots_max="15" />
			<a if_rate_below_kb="50"  slots_satisfied="20" slots_max="30" />
			<a if_rate_below_kb="100" slots_satisfied="30" slots_max="40" />
			<a if_rate_below_kb="150" slots_satisfied="40" slots_max="50" />
			<a if_rate_below_kb="250" slots_satisfied="50" slots_max="60" />
		</DownloadSlots>
	</Rules>
</BitComet>
