<?xml version="1.0" encoding="utf-8"?>
<BitComet Author="RnySmile" Translator="orginal translation Stefan Vysocki(polska999)" Version="0.56">
	<Favourite>
		<WebSite display="Сайты с торрентами" infotip="Сайты с торрентами...">
               <kinozal.com type="url" value="http://www.kinozal.com/" display="Кинозал" infotip="Международный русскоязычный торрент ресурс. Игры,Фильмы,Музыка,Разное..."/>
                <kov4eg.net type="url" value="http://kov4eg.net/" display="Ковчег удачи" infotip="Русскоязычный торрент ресурс.Фильмы,Музыка,Софт,Игры,Разное..."/>
                <rusdivx.ee type="url" value="http://www.rusdivx.ee/ibf/" display="Rusdivx" infotip="Russian digital movie alliance.Фильмы "/>
             <sharelita.net type="url" value="http://sharelita.net/" display="Sharelita" infotip="Русскоязычный торрент,Е-Мule ресурс.Фильмы,Музыка,Софт,Игры,Разное..."/>
              <rusboard.com type="url" value="http://bittorrent.rusboard.com/" display="Rusboard" infotip="Rusboard bittorrent.Фильмы,Музыка,Софт,Игры,Разное..."/>
                    <bg.com type="url" value="http://torrents-bg.com/" display="torrent-BG" infotip="Tоррент ресурс.Фильмы,Музыка...(Бывает на русском)"/>
                <upashi.com type="url" value="http://www.upashi.com/" display="У дяди Паши" infotip="Русскоязычный торрент ресурс.Фильмы."/>
                 <hodka.com type="url" value="http://www.hodka.com/" display="Третья ходка" infotip="Русскоязычный торрент ресурс.Фильмы"/>
                  <lutsk.ua type="url" value="http://vialand.in.lutsk.ua/" display="ViALand" infotip="Русскоязычный торрент ресурс.Разное..."/>
                 <index.php type="url" value="http://reliz.panteon4u.net/index.php" display="Пантеон" infotip="Русскоязычный торрент ресурс.Фильмы,Музыка."/>
                <dtiltas.lt type="url" value="http://bt.dtiltas.lt/" display="BT club" infotip="Русскоязычный торрент ресурс BT CLUB."/>
            <torrents type="url" value="http://www.torrentspy.com" display="TorrentSpy" infotip="The Largest BitTorrent Search Engine" />
            <torrents type="url" value="http://www.isohunt.com/js/redir/BitComet.php" display="isoHunt" infotip="big search engine for any type of torrent" />
            <torrents type="url" value="http://www.torrentportal.com/" display="TorrentPortal" infotip="A great portal with alot of dedicated uploaders" />
		    <torrents type="url" value="http://www.mybittorrent.com" display="MyBitTorrent" infotip="MyBitTorrent" />
            <torrents type="url" value="http://www.seedler.org" display="seedler" infotip="seedler" />
			<torrents type="url" value="http://www.fulldls.com" display="fulldls" infotip="Your Source For Daily Torrent Downloads" />
            <torrents type="url" value="http://www.zoozle.org" display="zoozle" infotip="big search engine for any type of torrent" />
            <torrents type="url" value="http://www.bitenova.org" display="bitenova" infotip="bitenova" />
            <torrents type="url" value="http://www.mininova.org" display="Mininova" infotip="the place to come for torrents everyday" />
            <torrents type="url" value="http://www.torrentat.uni.cc" display="torrentat" infotip="arabic public tracker" />
		</WebSite>
		<HomePage type="url" value="http://www.bitcomet.com/" display="Все о BitComet" infotip="BitComet Обновления ,техничесская поддержка...">
			<BitCometHomePage type="url" value="http://www.bitcomet.com/" display="Домашняя страница BitCometa" />
			<BitCometForums type="url" value="http://bitcomet.p2pforums.com/" display="Форум BitCometa" />
		</HomePage>
	</Favourite>
</BitComet>

