<?xml version="1.0" encoding="utf-8"?>
<BitComet Author="RnySmile" Version="0.1">
	<Favourite>
		<WebSite display="Torrent资源发布站点" infotip="浏览国内BT站点...">
			<BTChina type="url" value="http://bt.btchina.net/" display="BT @ China" infotip="BT @ China 联盟发布页">
				<Mirror type="url" value="http://bt.cnxp.com/" display="影视帝国镜像" infotip="BT @ China 联盟(bt.cnxp.com)"/>
				<Mirror type="url" value="http://bt.itbbs.net/bt/" display="ITBBS镜像" infotip="BT @ China 联盟(bt.itbbs.net/bt/)"/>
				<Mirror type="url" value="http://bt1.btchina.net/" display="BTFans镜像" infotip="BT @ China 联盟(bt1.btchina.net)"/>
				<Mirror type="url" value="http://gopp.com.cn/bt/" display="彭彭在线镜像" infotip="BT @ China 联盟(gopp.com.cn/bt/)"/>
				<Mirror type="url" value="http://bt.ndbbs.com/" display="你的论坛镜像" infotip="BT @ China 联盟(bt.ndbbs.com)"/>
				<Mirror type="url" value="http://gopp.com.cn/bt/" display="彭彭在线镜像" infotip="BT @ China 联盟(gopp.com.cn/bt/)"/>
				<Mirror type="url" value="http://bt.btchina.net/" display="BTFans镜像" infotip="BT @ China 联盟(bt.btchina.net)"/>
			</BTChina>
			<TLF type="url" value="http://bt.eastgame.net/" display="BitTorrent @ TLF" infotip="BT @ TLF 发布页">
				<Mirror type="url" value="http://bt1.eastgame.net/" display="镜像1" infotip="TLF BT发布页镜像1(bt1.eastgame.net)"/>
				<Mirror type="url" value="http://bt2.eastgame.net/" display="镜像2" infotip="TLF BT发布页镜像2(bt2.eastgame.net)"/>
				<Mirror type="url" value="http://bt3.eastgame.net/" display="镜像3" infotip="TLF BT发布页镜像3(bt3.eastgame.net)"/>
				<BBS type="url" value="http://www.eastgame.net/" display="TLF论坛" infotip="TLF论坛"/>
			</TLF>
			<GameSirHell type="url" value="http://bt.gamesir.com/" display="GameSir &amp; HELL" infotip="=GameSir= －=HELL=－ 游戏动漫联合BitTorrent发布页"/>
			<GreedLand type="url" value="http://bt.greedland.net/" display="贪婪大陆" infotip="贪婪大陆-BT发布区"/>
		</WebSite>
		<SearchEngine display="Torrent搜索" infotip="搜索BT资源下载...">
			<BTChina type="url" value="http://search.52bt.net/" display="BT @ China 联盟搜索引擎" infotip="BT @ China 联盟搜索引擎"/>
			<BiTower type="url" value="http://www.bitower.com/" display="BT守望者(BiTower)" infotip="BT守望者(BiTower)--BT搜索引擎"/>
			<BTChina type="url" value="http://bt.btchina.net/" display="BT @ China" infotip="BT和DC++爱好者"/>
		</SearchEngine>
		<HomePage type="url" value="http://www.bitcomet.com/index-zh.htm" display="BitComet软件主页" infotip="BitComet更新、支持...">
			<BitCometHomePage type="url" value="http://www.bitcomet.com/index-zh.htm" display="BitComet官方主页" infotip="浏览BitComet官方主页"/>
			<BitCometSupport type="url" value="http://bbs.btchina.net/forumdisplay.php?s=&amp;forumid=17" display="BitComet技术支持论坛" infotip="BitComet技术支持中文论坛（作者没有支持义务，但欢迎大家讨论）"/>
		</HomePage>
	</Favourite>
</BitComet>
