﻿<?xml version="1.0" encoding="utf-8"?>
<BitComet Author="RnySmile" Version="0.1">
  <Favourite>
        <WebSite expend="true" display="BT发布站点" infotip="浏览国内BT站点...">
          <BTChina type="url" value="http://www.btchina.net/?bcl" display="BT@China" infotip="BT @ China 联盟"/>
          <movie type="url" value="http://m.didai.com/?bcl" display="=电影地带=" infotip="热门DVD电影高速下载" />
          <Mdbchina type="url" value="http://www.mdbchina.cn/?bcl" display=" 中国影视库" infotip="中国影视库"/>
		  <zhuzhu type="url" value="http://m.didai.com/tag/lilmd5591_1.html?bcl" display=" 猪猪乐园" infotip=""/>		  
          <cnxp type="url" value="http://bt2.cnxp.com/?bcl" display=" 影视帝国" infotip="电影发布页的强者"/>
		  <cnxp type="url" value="http://www.mdbchina.cn/tv/?bcl" display=" 电视预告" infotip="国内外电视节目预告"/>
		  
		  <comic type="url" value="http://m.didai.com/tag/lilmd7593_1.html?bcl" display="=动漫地带=" infotip="最新动漫下载,每日更新" />
          <GreedLand type="url" value="http://m.didai.com/tag/lilmd9710_1.html?bcl" display=" 贪婪大陆" infotip="动漫下载宝地"/>
          <ktxp type="url" value="http://bt.ktxp.com/?bcl" display=" 极影动漫" infotip="-=极影动漫=- 最新动漫下载"/>
		  <c type="url" value="http://www.mdbchina.cn/comic/?bcl" display=" 在线漫画" infotip="免费漫画,更新及时"/>
		  <bbsee type="url" value="http://m.didai.com/tag/lilmd7590_1.html?bcl" display="=综艺节目=" infotip="最新综艺节目,每日更新"/>
          <bbsee type="url" value="http://m.didai.com/tag/lilmd6130_1.html?bcl" display=" 正版综艺" infotip="正版综艺节目免费下载"/>
          <icefish type="url" value="http://m.didai.com/tag/lilmd5587_1.html?bcl" display=" 冰鱼综艺" infotip="冰鱼发布页"/>
          <ydy type="url" value="http://bt.ydy.com/?bcl" display=" 伊甸园" infotip="伊甸园BT综艺，美剧大集中"/>
          <music type="url" value="http://mp3.didai.com/?bcl" display="=音乐地带=" infotip="在线听歌，mp3下载" />
		  <Mdbchina type="url" value="http://www.mdbchina.net/?bcl" display=" 中国音乐库" infotip="最新音乐专辑"/>
		  <imagegarden type="url" value="http://m.didai.com/tag/lilmd10732_1.html?bcl" display=" 伊美姬" infotip="下载音乐的绝好的地方，以APE为主"/>
          <soft type="url" value="http://www.jprj.com/?bcl" display="常用软件" infotip="精选200多款绿色软件免费下载" />
          
		  <Game type="url" value="http://www.gamedidai.com/?bcl" display="游戏下载" infotip="单机游戏，网络游戏下载" />
          <picture type="url" value="http://pic.didai.com/?bcl" display="美女写真" infotip="热辣图片在线看" />	  
        </WebSite>
	<Item expend="false" display="BT论坛地址" infotip="BT论坛大全">
	  <tree type="url" value="http://bbs.cnxp.com/index.php" display="影视帝国" infotip="影视帝国">
		<tree  type="url" value="http://bbs.cnxp.com/forumdisplay.php?fid=184" display="体育BT小组" infotip="体育BT小组" />
		<tree type="url" value="http://bbs.cnxp.com/forumdisplay.php?fid=185" display="动漫BT小组" infotip="动漫BT小组" />
		<tree type="url" value="http://bbs.cnxp.com/forumdisplay.php?fid=186" display="连续剧BT小组" infotip="连续剧BT小组" />
		<tree infotip="电影BT小组" type="url" value="http://bbs.cnxp.com/forumdisplay.php?fid=187" display="电影BT小组" />
		<tree type="url" value="http://bbs.cnxp.com/forumdisplay.php?fid=116" display="BT电影" infotip="BT电影" />
		<tree type="url" value="http://bbs.cnxp.com/forumdisplay.php?fid=115" display="BT连续剧" infotip="BT连续剧" />
		<tree type="url" value="http://bbs.cnxp.com/forumdisplay.php?fid=117" display="BT动漫" infotip="BT动漫" />
		<tree type="url" value="http://bbs.cnxp.com/forumdisplay.php?fid=118" display="BT综艺" infotip="BT综艺" />
		<tree type="url" value="http://bbs.cnxp.com/forumdisplay.php?fid=158" display="BT音乐" infotip="BT音乐" />
		<tree type="url" value="http://bbs.cnxp.com/forumdisplay.php?fid=156" display="BT体育" infotip="BT体育" />
		<tree type="url" value="http://bbs.cnxp.com/forumdisplay.php?fid=120" display="BT游戏" infotip="BT游戏" />
		<tree type="url" value="http://bbs.cnxp.com/forumdisplay.php?fid=162" display="BT-DVDRIP" infotip="BT-DVDRIP" />
	  </tree>
	  <tree type="url" value="http://zy.ydy.com/bbs/index.php" display="YDY综艺分坛" infotip="YDY综艺分坛" >
		<tree display="周末综艺" infotip="周末综艺" type="url" value="http://zy.ydy.com/bbs/thread.php?fid=25" />
		<tree display="明星访谈" infotip="明星访谈" type="url" value="http://zy.ydy.com/bbs/thread.php?fid=26" />
		<tree display="新闻*排行" infotip="新闻*排行" type="url" value="http://zy.ydy.com/bbs/thread.php?fid=27" />
		<tree display="凤凰剧场" infotip="凤凰剧场" type="url" value="http://zy.ydy.com/bbs/thread.php?fid=28" />
		<tree display="内地综艺" infotip="内地综艺" type="url" value="http://zy.ydy.com/bbs/thread.php?fid=29" />
		<tree display="国外综艺" infotip="国外综艺" type="url" value="http://zy.ydy.com/bbs/thread.php?fid=30" />
		<tree display="体育BT区" infotip="体育BT区" type="url" value="http://zy.ydy.com/bbs/thread.php?fid=24" />
		<tree display="其他综艺" infotip="其他综艺" type="url" value="http://zy.ydy.com/bbs/thread.php?fid=31" />
	  </tree>
	  <tree display="YDY美剧分坛" infotip="YDY美剧分坛" type="url" value="http://sfile.ydy.com/bbs/thread.php?fid=18" />
	  <tree display="5Q地带" infotip="5Q地带" type="url" value="http://bbs.5qzone.net/index.php" >
		<tree display="电影" infotip="电影" type="url" value="http://bbs.5qzone.net/c_thread.php?fid=85" />
		<tree display="连续剧" infotip="连续剧" type="url" value="http://bbs.5qzone.net/c_thread.php?fid=29" />
		<tree display="音乐" infotip="音乐" type="url" value="http://bbs.5qzone.net/c_thread.php?fid=39" />
		<tree display="动漫" infotip="动漫" type="url" value="http://bbs.5qzone.net/c_thread.php?fid=33" />
		<tree display="综艺体育" infotip="综艺体育" type="url" value="http://bbs.5qzone.net/c_thread.php?fid=35" />
		<tree display="游戏" infotip="游戏" type="url" value="http://bbs.5qzone.net/c_thread.php?fid=41" />
	  </tree>
	  <tree display="Btchina论坛" infotip="Btchina论坛" type="url" value="http://bbs.btchina.net" >
		<tree display="游戏资源" infotip="游戏资源" type="url" value="http://bbs.btchina.net/forumdisplay.php?s=ad556b6bd5369ccfa5888ab1b8d9648b&amp;forumid=3" />
		<tree display="模拟器游戏" infotip="模拟器游戏" type="url" value="http://bbs.btchina.net/forumdisplay.php?s=ad556b6bd5369ccfa5888ab1b8d9648b&amp;forumid=100" />
		<tree display="DVDRip&amp;HDTV" infotip="DVDRip&amp;HDTV" type="url" value="http://bbs.btchina.net/forumdisplay.php?s=ad556b6bd5369ccfa5888ab1b8d9648b&amp;forumid=70" />
		<tree display="港台连续剧" infotip="港台连续剧" type="url" value="http://bbs.btchina.net/forumdisplay.php?s=ad556b6bd5369ccfa5888ab1b8d9648b&amp;forumid=19" />
		<tree display="日韩连续剧" infotip="日韩连续剧" type="url" value="http://bbs.btchina.net/forumdisplay.php?s=ad556b6bd5369ccfa5888ab1b8d9648b&amp;forumid=18" />
		<tree display="欧美连续剧" infotip="欧美连续剧" type="url" value="http://bbs.btchina.net/forumdisplay.php?s=ad556b6bd5369ccfa5888ab1b8d9648b&amp;forumid=141" />
		<tree display="大陆及其他连续剧" infotip="大陆及其他连续剧" type="url" value="http://bbs.btchina.net/forumdisplay.php?s=ad556b6bd5369ccfa5888ab1b8d9648b&amp;forumid=142" />
		<tree display="体育节目" infotip="体育节目" type="url" value="http://bbs.btchina.net/forumdisplay.php?s=ad556b6bd5369ccfa5888ab1b8d9648b&amp;forumid=140" />
		<tree display="综艺节目" infotip="综艺节目" type="url" value="http://bbs.btchina.net/forumdisplay.php?s=ad556b6bd5369ccfa5888ab1b8d9648b&amp;forumid=143" />
		<tree display="动漫资源" infotip="动漫资源" type="url" value="http://bbs.btchina.net/forumdisplay.php?s=ad556b6bd5369ccfa5888ab1b8d9648b&amp;forumid=34" />
		<tree display="音乐资源" infotip="音乐资源" type="url" value="http://bbs.btchina.net/forumdisplay.php?s=ad556b6bd5369ccfa5888ab1b8d9648b&amp;forumid=7" />
		<tree display="APE音乐" infotip="APE音乐" type="url" value="http://bbs.btchina.net/forumdisplay.php?s=ad556b6bd5369ccfa5888ab1b8d9648b&amp;forumid=39" />
		<tree display="软件及教育教学资源" infotip="软件及教育教学资源" type="url" value="http://bbs.btchina.net/forumdisplay.php?s=ad556b6bd5369ccfa5888ab1b8d9648b&amp;forumid=27" />
	  </tree>
          <tree display="满分网学习考试" infotip="满分网学习考试" type="url" value="http://www.manfen.net/forum/forumdisplay.php?forumid=815" />
          <tree display="天使影视" infotip="天使影视" type="url" value="http://bbs.pc91.net" />
          <tree display="百看娱乐网" infotip="百看娱乐网" type="url" value="http://www.100kan.com" />
          <tree display="极影论坛" infotip="极影论坛" type="url" value="http://bbs.ktxp.com" />
          <tree display="移动天使手机影音" infotip="移动天使手机影音" type="url" value="http://club.ccmove.com/nclub/boarddisplay.aspx?boardid=1869&amp;pageno=1" />
          <tree display="TLF论坛" infotip="TLF论坛" type="url" value="http://www.eastgame.net" />
	</Item>
		<Games expend="false" type="url" value="http://my.mdbchina.com/flash/?bcl"  display="休闲小游戏" infotip="精选小游戏">
	  <mj type="url" value="http://my.mdbchina.com/flash/Class7?bcl" display="敏捷类" infotip="敏捷类"/>
	  <cl type="url" value="http://my.mdbchina.com/flash/Class5?bcl" display="策略类" infotip="策略类"/>
	  <ty type="url" value="http://my.mdbchina.com/flash/Class8?bcl" display="体育类" infotip="体育类"/>
	  <yz type="url" value="http://my.mdbchina.com/flash/Class10?bcl" display="益智类" infotip="益智类"/>
	  <xs type="url" value="http://my.mdbchina.com/flash/Class9?bcl" display="休闲类" infotip="休闲类"/>
	  <et type="url" value="http://my.mdbchina.com/flash/Class6?bcl" display="儿童类" infotip="儿童类"/>
	  <zz type="url" value="http://my.mdbchina.com/flash/Class11?bcl" display="战争类" infotip="战争类"/>
	  <zj type="url" value="http://my.mdbchina.com/flash/Class12?bcl" display="专辑类" infotip="专辑类"/>
	  <hz type="url" value="http://my.mdbchina.com/flash/Class73?bcl" display="化妆类" infotip="化妆类"/>
	  <bs type="url" value="http://my.mdbchina.com/flash/class125?bcl" display="比赛类" infotip="比赛类"/>
	</Games>
	<Links expend="true" display="热门推荐" infotip="热门资源推荐"><c type="url" value="http://web.gamedidai.com/?bcg" display="边下电影边玩游戏" infotip="BC通行证直接登录无需下载"/>
<c type="url" value="http://blog.mdbchina.com/?bcg" display="BitComet博客" infotip="快来玩BC博客"/>
          <c type="url" value="http://blog.mdbchina.com/photos/?bcg" display="美女明星写真" infotip="精彩写真" />
          <c type="url" value="http://www.mdbchina.cn/comic/?bcg" display="免费在线漫画" infotip="免费漫画,更新及时"/>
          <c type="url" value="http://blog.mdbchina.com/bcmedia/stickers/?bcg" display="美女自拍" infotip="美女自怕大头贴"/>
          <c type="url" value="http://my.mdbchina.com/flash/class72?bcg" display="韩国美女换衣游戏" infotip="韩国美女换衣游戏"/>
          <c type="url" value="http://www.mdbchina.net/?bcg" display="中国音乐库" infotip="最新音乐专辑"/>
	</Links>
	<HomePage type="url" value="http://my.mdbchina.com/tieba/%e6%af%94%e7%89%b9%e5%bd%97%e6%98%9f/?bcl" display="BitComet软件论坛" infotip="BitComet软件中文论坛"/>
  </Favourite>
  <Filter>
	<item>mdbchina.com</item>
	<item>bitcomet.com</item>
  </Filter>
  <CometZoneMenu>
	<SEPARATOR/>
	<LinkPage ActionType="link" Parameter="http://www.didai.com/?menu" display="地带首页"/>
	<LinkPage ActionType="link" Parameter="http://m.didai.com/?menu" display="电影地带"/>
	<LinkPage ActionType="link" Parameter="http://mp3.didai.com/?menu" display="音乐地带"/>
	<LinkPage ActionType="link" Parameter="http://www.gamedidai.com/?menu" display="游戏地带"/>
	<LinkPage ActionType="link" Parameter="http://soft.didai.com/?menu" display="软件地带"/>
	<LinkPage ActionType="link" Parameter="http://pic.didai.com/?menu" display="图片地带"/>
	
  </CometZoneMenu>
  <MovieLibMenu>
        <ChinaMovie MenuType="POPUP" display="中国影视库(&amp;M)">
		  <Home MenuType="POPUP" display="中国影视库">
			  <LinkPage ActionType="link" Parameter="http://www.mdbchina.cn/?menu" display="首页"/>
			  <LinkPage ActionType="link" Parameter="http://www.mdbchina.cn/recommand/?menu" display="推荐"/>
			  <LinkPage ActionType="link" Parameter="http://www.mdbchina.cn/new/?menu" display="新片"/>
			  <LinkPage ActionType="link" Parameter="http://www.mdbchina.cn/top/?menu" display="排行"/>
			  <LinkPage ActionType="link" Parameter="http://www.mdbchina.cn/poster/?menu" display="海报"/>
			  <LinkPage ActionType="link" Parameter="http://news.mdbchina.com/?menu" display="动态"/>
			  <LinkPage ActionType="link" Parameter="http://www.mdbchina.cn/star/?menu" display="明星"/>
			  <LinkPage ActionType="link" Parameter="http://www.mdbchina.cn/tv/?menu" display="电视"/>
			  <LinkPage ActionType="link" Parameter="http://www.mdbchina.cn/bar/?menu" display="影吧"/>
		  </Home>
		  <Community MenuType="POPUP" display="电影社区">
			  <LinkPage ActionType="link" Parameter="http://my.mdbchina.com/?menu" display="贴吧"/>
			  <LinkPage ActionType="link" Parameter="http://my.mdbchina.com/media/Picture/?menu" display="相册"/>
			  <LinkPage ActionType="link" Parameter="http://my.mdbchina.com/Media/headpic/?menu" display="大头贴"/>
			  <LinkPage ActionType="link" Parameter="http://my.mdbchina.com/flash/?menu" display="小游戏"/>
		  </Community>
		  <Blog MenuType="POPUP" display="电影博客">
			  <LinkPage ActionType="link" Parameter="http://blog.mdbchina.com/?menu" display="首页"/>
			  <LinkPage ActionType="link" Parameter="http://blog.mdbchina.com/blogs/r/1/?menu" display="推荐博客"/>
			  <LinkPage ActionType="link" Parameter="http://blog.mdbchina.com/posts/r/1/?menu" display="推荐日志"/>
			  <LinkPage ActionType="link" Parameter="http://blog.mdbchina.com/posts/d/1/?menu" display="网友顶的"/>
		  </Blog>          
		  <Users MenuType="POPUP" display="管理中心">
		    <LinkPage ActionType="link" Parameter="http://blog.mdbchina.com/Control/Default.aspx" display="首页"/>
		    <LinkPage ActionType="link" Parameter="http://blog.mdbchina.com/PostAdd.aspx" display="发表日志"/>
            <LinkPage ActionType="link" Parameter="http://my.mdbchina.com/Message/RecMessage.aspx" display="收件箱"/>
            <LinkPage ActionType="link" Parameter="http://blog.mdbchina.com/Control/Default.aspx?cpage=BlogerPersionalInfo" display="修改资料"/>
         	<LinkPage ActionType="link" Parameter="http://my.mdbchina.com/Media/HeadPic/ddt.aspx?menu" display="拍大头贴"/>
            <LinkPage ActionType="link" Parameter="http://my.mdbchina.com/media/Picture/upload.aspx?menu" display="上传照片"/>          
		  </Users>
        </ChinaMovie>
  </MovieLibMenu>
  <DownloadMenu>
	<DownloadSoft MenuType="POPUP" display="工具(&amp;T)">
		<LinkPage ActionType="check_software_update" Parameter="" display="检测热门软件更新"/>
		<LinkPage ActionType="emule_plugin" Parameter="show" display="显示电驴插件"/>
    <SEPARATOR/>
		<LinkPage ActionType="download" Parameter="bc://http/QUEvYml0Y29tZXRfcGx1Z2luX3NldHVwLmV4ZS8/dXJsPWh0dHAlM0ElMkYlMkZjbi5iaXRjb21ldC5jb20lMkZiaXRjb21ldCUyRmJpdGNvbWV0X3BsdWdpbl9zZXR1cC5leGUmZXhlYz1iaXRjb21ldF9wbHVnaW5fc2V0dXAuZXhlWlo=" display="下载电驴插件"/>
	  	<LinkPage ActionType="dl_mpcstar" display="下载影音之星"/>
	</DownloadSoft>
  </DownloadMenu>
  <SearchLeft>
	<s title="彗星地带影视" link="http://www.didai.com" html="http://m.didai.com/search/?q=${QUERY}&amp;tn=bcleft" />
	<s title="BTCHINA" link="http://www.btchina.com" html="http://search1.btchina.net/btsearch.php?client=bitcomet&amp;query=${QUERYANSI}" />
	<s title="中国影视库" link="http://so.mdbchina.com/" html="http://so.mdbchina.com/query/${QUERY}?tn=bcleft" />
  </SearchLeft>
  <SearchToolbar>
	<s title="电影" link="http://m.didai.com" html="http://m.didai.com/search/?q=${QUERY}&amp;tn=bctop" />
	<s title="音乐" link="http://mp3.didai.com" html="http://mp3.didai.com/search.aspx?tn=bctop&amp;q=${QUERY}" />
	<s title="游戏" link="http://game.didai.com" html="http://www.gamedidai.com/search.aspx?tn=bctop&amp;q=${QUERY}" />
	<s title="软件" link="http://www.jprj.com" html="http://www.jprj.com/ruanjian_sousuo/?tn=bctop&amp;q=${QUERY}" />
  </SearchToolbar>
  <BrowserToolbar>
	<button title="影视" icon="0" link="http://www.mdbchina.cn/?ie" />
	<button title="音乐" icon="1" link="http://www.mdbchina.net/?ie" />
	<button title="游戏" icon="2" link="http://www.gamedidai.com/?ie" />
	<button title="软件" icon="3" link="http://www.jprj.com/?ie" />
	<button title="图片" icon="4" link="http://pic.didai.com/?ie" />
	
  </BrowserToolbar>
</BitComet>