<?xml version="1.0" encoding="utf-8"?>
<BitComet Author="nanaco" Version="0.2">
	<Favourite>
        <WebSite expend="true" display="Torrent Sites" infotip="Browse Torrents Sites...">
            <torrents type="url" value="http://www.torrentspy.com" display="TorrentSpy" infotip="The Largest BitTorrent Search Engine" />
            <torrents type="url" value="http://www.isohunt.com/js/redir/BitComet.php" display="isoHunt" infotip="big search engine for any type of torrent" />
            <torrents type="url" value="http://www.torrentportal.com/" display="TorrentPortal" infotip="A great portal with alot of dedicated uploaders" />
		    <torrents type="url" value="http://www.mybittorrent.com" display="MyBitTorrent" infotip="MyBitTorrent" />
            <torrents type="url" value="http://www.seedler.org" display="seedler" infotip="seedler" />
			<torrents type="url" value="http://www.fulldls.com" display="fulldls" infotip="Your Source For Daily Torrent Downloads" />
            <torrents type="url" value="http://www.zoozle.org" display="zoozle" infotip="big search engine for any type of torrent" />
            <torrents type="url" value="http://www.bitenova.org" display="bitenova" infotip="bitenova" />
            <torrents type="url" value="http://www.mininova.org" display="Mininova" infotip="the place to come for torrents everyday" />
            <torrents type="url" value="http://www.torrentat.uni.cc" display="torrentat" infotip="arabic public tracker" />
        </WebSite>
		<HomePage type="url" icon="4" value="http://www.bitcomet.com/" display="BitComet ホームページ" infotip="BitCometのアップデートやサポート...">
			<BitCometHomePage type="url" value="http://www.bitcomet.com/" display="公式サイト（英語）" />
			<BitCometJP type="url" value="http://bitcomet.atspace.org/" display="非公式日本語版サイト" />
			<BitCometFAQJP type="url" value="http://bitcomet.atspace.org/faq.htm" display="FAQ日本語版"/>
			<BitCometForums type="url" value="http://bitcomet.p2pforums.com/" display="BitComet Forum（英語）" />
		</HomePage>
		<WebSite display="BitTorrent関連サイト" infotip="リンク">
			<BTMania type="url" value="http://cgi.f28.aaacafe.ne.jp/~btmania/pw/pukiwiki.php" display="BT mania" infotip="BitTorrentに関するWiki"/>
			<Mine type="url" value="http://hungry.x0.com/bitt/" display="BitT.マイン.ヌー" infotip="BitTorrent情報サイト"/> 
		</WebSite>
	</Favourite>
</BitComet>
