<?xml version="1.0" encoding="GB2312" ?>
<BTSimple Author="RnySmile" Version="0.1">
  <Settings>
    <ReportIP type="string" value=""/>
    <LanguageFile type="string" value="Lans"/>
    <DefaultDownloadPath type="string" value="c:\Downloads"/>
    <ListenPort type="int" value="0"/>
    <ConnectionType type="int" value="0"/>
    <MaxUpLoadSlots type="int" value="12"/>
    <MaxUploadSpeed type="int" value="1000"/>
    <MaxDownloadSpeed type="int" value="1000"/>
    <UpDownRatio type="int" value="200"/>
    <MinUploadRate type="int" value="50"/>
    <PromptExistFileFirstTime type="int" value="1"/>
    <AllocateBeforeDownload type="int" value="0"/>
    <FastResume type="int" value="1"/>
    <TorrentCache type="int" value="1"/>
    <LogPeerComm type="int" value="0"/>
    <LogPeerCommLines type="int" value="100"/>
  </Settings>
</BTSimple>
