<?xml version="1.0" encoding="utf-8"?>
<BitComet Author="RnySmile" Version="0.1">
	<Favourite>
		<SloStuff expend="true" display="Slovenske strani" infotip="Slovenska p2p scena">
			<slofs type="url" value="http://www.slo-filesharing.com/" display="Slo-FileSharing" infotip="Slovenska stran o p2p sceni"/>
			<slofstracker type="url" value="http://slofs-tracker.org/browse.php" display="SloFS Tracker" infotip="Slovenski tracker ;)"/>
            <torrents type="url" value="http://www.torrentspy.com" display="TorrentSpy" infotip="The Largest BitTorrent Search Engine" />
            <torrents type="url" value="http://www.isohunt.com/js/redir/BitComet.php" display="isoHunt" infotip="big search engine for any type of torrent" />
            <torrents type="url" value="http://www.torrentportal.com/" display="TorrentPortal" infotip="A great portal with alot of dedicated uploaders" />
		    <torrents type="url" value="http://www.mybittorrent.com" display="MyBitTorrent" infotip="MyBitTorrent" />
            <torrents type="url" value="http://www.seedler.org" display="seedler" infotip="seedler" />
			<torrents type="url" value="http://www.fulldls.com" display="fulldls" infotip="Your Source For Daily Torrent Downloads" />
            <torrents type="url" value="http://www.zoozle.org" display="zoozle" infotip="big search engine for any type of torrent" />
            <torrents type="url" value="http://www.bitenova.org" display="bitenova" infotip="bitenova" />
            <torrents type="url" value="http://www.mininova.org" display="Mininova" infotip="the place to come for torrents everyday" />
            <torrents type="url" value="http://www.torrentat.uni.cc" display="torrentat" infotip="arabic public tracker" />
		</SloStuff>
        <HomePage expend="true" type="url" value="http://www.bitcomet.com/" display="BitComet HomePage" infotip="BitComet Update, Support...">
            <BitCometHomePage type="url" value="http://www.bitcomet.com/" display="BitComet Homepage" />
            <BitCometForums type="url" value="http://bitcomet.p2pforums.com" display="BitComet Forums" />
        </HomePage>
	</Favourite>
</BitComet>
