<?xml version="1.0" encoding="utf-8"?>
    <BitComet Author="RnySmile" Version="0.1">
      <Favourite>
        <WebSite expend="true" display="Torrent Sites" infotip="Browse Torrents Sites...">
          <torrents type="url" value="http://www.wtorrent.com/?client=bitcomet" display="wTorrent" infotip="wTorrent" />
          <torrents type="url" value="http://www.bitcomet.com/client/redir/?http://toplist.bitcomet.com" display="Toplist of Torrent Sites" infotip="Toplist of Torrent Sites" />
          <torrents type="url" value="http://www.bitcomet.com/client/redir/?http://www.torrentbar.com/?client=bitcomet" display="TorrentBar" infotip="" />
           <torrents type="url" value="http://www.bitcomet.com/client/redir/?http://www.utorrentportal.org/?client=bitcomet" display="utorrentportal" infotip="utorrentportal" />
          <torrents type="url" value="http://www.bitcomet.com/client/redir/?http://www.torrentroom.com/?client=bitcomet" display="TorrentRoom" infotip="" />
          <torrents type="url" value="http://www.bitcomet.com/client/redir/?http://www.torrentz.com/?client=bitcomet" display="Torrentz" infotip="" />
          <torrents type="url" value="http://www.bitcomet.com/client/redir/?http://www.thepiratebay.org/browse/" display="ThePirateBay" infotip="" />
          <torrents type="url" value="http://www.bitcomet.com/client/redir/?http://www.isohunt.com/?client=bitcomet" display="IsoHunt" infotip="" />
        </WebSite>
		<Links expend="true" display="Popular Sites" infotip="Browse Popular Sites...">
			<phoenix type="url" value="http://mwo.playcomet.com/?bcl" display="Magic World OL Game" infotip="Free to play special BitComet version of Magic World OL" />
			<movies type="url" value="http://www.mcomet.com/?bcl" display="Upcoming Movies" infotip="Movies, Showtimes, Movie Trailers" />
			<movies type="url" value="http://blog.bitcomet.com/movie-list/?bcl" display="Earn BitComet T-shirts" infotip="Earn BitComet T-shirts" />
			<ff type="url" value="http://www.bitcomet.com/recommend/firefox/us/?bc" display="Speed up your browser" infotip="Speed up your browser" />
			<dg type="url" value="http://www.liutilities.com/affiliate/?id=5738&amp;aff=rn_a65207&amp;promo=bitc-sp2" display="Free Speedup PC" infotip="Free Speedup PC" />
			<soft type="url" value="http://www.apphit.com/?bcl" display="Software Downloads" infotip="SoftWare Downloads and Reviews" />
			<games type="url" value="http://www.playcomet.com/?bcl" display="Flash Games" infotip="Free Online Games" />
			<games type="url" value="http://www1.ccmove.com/?bcl" display="Free Ringtone" infotip="Free Ringtone" />
			<albums type="url" value="http://blog.bitcomet.com/bcmedia/albums/?bcl" display="Free Photo Albums" infotip="Free Online Photo Albums" />
			<dg type="url" value="http://www.liutilities.com/affiliate/?id=5735&amp;aff=rn_a65207&amp;promo=bitc-rb1" display="Free Registry Scan" infotip="Free Registry Scan" />
		</Links>
        <HomePage expend="false" type="url" value="http://www.bitcomet.com/" display="BitComet HomePage" infotip="BitComet Update, Support...">
          <BitCometHomePage type="url" value="http://www.bitcomet.com/" display="BitComet Homepage" />
          <BitCometForums type="url" value="http://www.tocomet.com/topic/bitcomet/" display="BitComet Forums" />
        </HomePage>
      </Favourite>
      <DownloadMenu>
		  <DownloadSoft MenuType="POPUP" display="&amp;Tools">
      	<LinkPage ActionType="check_software_update" Parameter="" display="Check Popular Software Update"/>
			<LinkPage ActionType="emule_plugin" Parameter="show" display="Show eMule plugin"/>
			<SEPARATOR/>
			<LinkPage ActionType="download" Parameter="bc://http/QUEvYml0Y29tZXRfcGx1Z2luX3NldHVwLmV4ZS8/dXJsPWh0dHAlM0ElMkYlMkZkb3dubG9hZC5iaXRjb21ldC5jb20lMkZiaXRjb21ldCUyRmJpdGNvbWV0X3BsdWdpbl9zZXR1cC5leGUmZXhlYz1iaXRjb21ldF9wbHVnaW5fc2V0dXAuZXhlWlo=" display="Download eMule plugin"/>
		  	<LinkPage ActionType="dl_mpcstar" display="Download MPCStar"/>
		  </DownloadSoft>
      </DownloadMenu>
      <SearchLeft>
        <wtorrent title="wTorrent" link="http://www.wtorrent.com" html="http://www.wtorrent.com/search/?client=bitcomet&amp;q=${QUERY}" />
        <torrentbar title="Torrentbar" link="http://www.bitcomet.com/client/redir/?http://www.torrentbar.com" html="http://www.bitcomet.com/client/redir/?http://www.torrentbar.com/query.html?client=bitcomet&amp;k=${QUERY}" />
         <Zoozle title="utorrentportal" link="http://www.bitcomet.com/client/redir/?http://www.zoozle.org" html="http://www.bitcomet.com/client/redir/?http://www.utorrentportal.org/search.php?client=bitcomet&amp;site=2008425111142&amp;keyword=${QUERY}" />
        <TorrentRoom title="TorrentRoom" link="http://www.bitcomet.com/client/redir/?http://www.torrentroom.com" html="http://www.bitcomet.com/client/redir/?http://www.torrentroom.com/search.aspx?client=bitcomet&amp;k=${QUERY}" />
        <TorrentRoom title="Torrentz" link="http://www.bitcomet.com/client/redir/?http://www.torrentz.com" html="http://www.bitcomet.com/client/redir/?http://www.torrentz.com/search?client=bitcomet&amp;q=${QUERY}" />
        <TorrentRoom title="ThePirateBay" link="http://www.bitcomet.com/client/redir/?http://www.thepiratebay.org" html="http://www.bitcomet.com/client/redir/?http://thepiratebay.org//search/${QUERY}" />

        <TorrentRoom title="IsoHunt" link="http://www.bitcomet.com/client/redir/?http://www.isohunt.com" html="http://www.bitcomet.com/client/redir/?http://www.isohunt.com/torrents/?client=bitcomet&amp;ihq=${QUERY}" />
      </SearchLeft>
      <SearchToolbar>
        <wtorrent title="wTorrent" link="http://www.wtorrent.com" html="http://www.wtorrent.com/search/?client=bitcomet&amp;q=${QUERY}" />
        <torrentbar title="Torrentbar" link="http://www.bitcomet.com/client/redir/?http://www.torrentbar.com" html="http://www.bitcomet.com/client/redir/?http://www.torrentbar.com/query.html?client=bitcomet&amp;k=${QUERY}" />
        <Zoozle title="utorrentportal" link="http://www.bitcomet.com/client/redir/?http://www.zoozle.org" html="http://www.bitcomet.com/client/redir/?http://www.utorrentportal.org/search.php?client=bitcomet&amp;site=2008425111142&amp;keyword=${QUERY}" />
        <TorrentRoom title="TorrentRoom" link="http://www.bitcomet.com/client/redir/?http://www.torrentroom.com" html="http://www.bitcomet.com/client/redir/?http://www.torrentroom.com/search.aspx?client=bitcomet&amp;k=${QUERY}" />
        <TorrentRoom title="Torrentz" link="http://www.bitcomet.com/client/redir/?http://www.torrentz.com" html="http://www.bitcomet.com/client/redir/?http://www.torrentz.com/search?client=bitcomet&amp;q=${QUERY}" />
        <TorrentRoom title="ThePirateBay" link="http://www.bitcomet.com/client/redir/?http://www.thepiratebay.org" html="http://www.bitcomet.com/client/redir/?http://thepiratebay.org//search/${QUERY}" />

        <TorrentRoom title="IsoHunt" link="http://www.bitcomet.com/client/redir/?http://www.isohunt.com" html="http://www.bitcomet.com/client/redir/?http://www.isohunt.com/torrents/?client=bitcomet&amp;ihq=${QUERY}" />
      </SearchToolbar>
      <BrowserToolbar>
        <button title="Movies" icon="0" link="http://www.mcomet.com/?ie" />
        <button title="Games" icon="2" link="http://www.playcomet.com/?ie" />
		<button title="Software" icon="3" link="http://www.apphit.com/?ie" />
        <button title="Pictures" icon="4" link="http://pic.playcomet.com/?ie" />
        <button title="Videos" icon="6" link="http://v.mcomet.com/?ie" />
      </BrowserToolbar>
    </BitComet>
