﻿<?xml version="1.0" encoding="utf-8"?>
<BitComet Author="RnySmile" Translator="Shadow.Man" Version="3.0">
	<Favourite>
		<ChatRooms icon="14" display="Kanały Pogawędek" infotip="Przeglądaj kanały Pogawędek">
			<Mirror type="torrent_url" value="http://www.bitcomet.com/chatrooms/bitcomet_zh_cn.torrent" display="Kanały Pogawędek BitComet" infotip="Podyskutujmy o BitComecie"/>
		</ChatRooms>
		<WebSite expend="true" display="Strony z Torrentami" infotip="Strony z Torrentami">
   	        <Links expend="true" display="Polskie" infotip="Polskie strony torrentowe">
                                <tn type="url" value="http://www.torrent.net.pl/" display="Torrent.Net.pl" infotip="Tracker, duży wybór, najlepsza z Polskich stron torrentowych  - wymaga rejestracji"/>		
                                <to type="url" value="http://www.torrenty.org/" display="Torrenty.org" infotip="Tracker, duży wybór, druga z najlepszych Polskich stron torrentowych"/> 
                                <pt type="url" value="http://www.polishtracker.org/" display="PolishTracker.org" infotip="Zaczyna się rozwijać - wymaga rejestracji"/>
                                <pb type="url" value="http://polishbytes.net/" display="PolishBytes.net" infotip="Nowość! Zaczyna się rozwijać - wymaga rejestracji"/>
                                <ts type="url" value="http://www.pbtorrent.pl/" display="PBTorrent.pl" infotip="Nowość! Zaczyna się rozwijać - wymaga rejestracji"/>
                                <nt type="url" value="http://www.nettorrent.xn.pl/" display="NetTorrent.Xn.pl" infotip="Nowość! Zaczyna się rozwijać - wymaga rejestracji"/>
                                <ts type="url" value="http://www.torrentspeed.org/" display="TorrentSpeed.org" infotip="Ciekawy, zaczyna się rozwijać"/>
                                <tm type="url" value="http://torrentmania.org/" display="TorrentMania.org" infotip="Zaczyna się rozwijać - wymaga rejestracji"/>
                                <bg type="url" value="http://btgigs.webd.pl/" display="BtGigs.Webd.pl" infotip="Zaczyna się rozwijać - wymaga rejestracji"/>
                                <mt type="url" value="http://www.muzik-torrent.info/" display="Muzik-Torrent.info" infotip="Raj dla melomanów - wymaga rejestracji"/>
                                <tx type="url" value="http://www.txg.xorg.pl/" display="TXG.Xorg.pl" infotip="Nowość! Zaczyna się rozwijać - wymaga rejestracji"/>
				<td type="url" value="http://www.tdt.org.pl/" display="Torrent Dream R.I.P" infotip="Wzorowa strona ale została zamknięta :_("/>
                                

			</Links>
                                
   	        <Links expend="true" display="Zagraniczne" infotip="Zagraniczne, dobre i popularne strony torrentowe">
				<tr type="url" value="http://www.torrentreactor.net/" display="TorrentReactor.net" infotip="Dobry, solidny i popularny"/>
            <torrents type="url" value="http://www.torrentspy.com" display="TorrentSpy" infotip="The Largest BitTorrent Search Engine" />
            <torrents type="url" value="http://www.isohunt.com/js/redir/BitComet.php" display="isoHunt" infotip="big search engine for any type of torrent" />
            <torrents type="url" value="http://www.torrentportal.com/" display="TorrentPortal" infotip="A great portal with alot of dedicated uploaders" />
		    <torrents type="url" value="http://www.mybittorrent.com" display="MyBitTorrent" infotip="MyBitTorrent" />
            <torrents type="url" value="http://www.seedler.org" display="seedler" infotip="seedler" />
			<torrents type="url" value="http://www.fulldls.com" display="fulldls" infotip="Your Source For Daily Torrent Downloads" />
            <torrents type="url" value="http://www.zoozle.org" display="zoozle" infotip="big search engine for any type of torrent" />
            <torrents type="url" value="http://www.bitenova.org" display="bitenova" infotip="bitenova" />
            <torrents type="url" value="http://www.mininova.org" display="Mininova" infotip="the place to come for torrents everyday" />
            <torrents type="url" value="http://www.torrentat.uni.cc" display="torrentat" infotip="arabic public tracker" />
	       </Links>
   	       
		</WebSite>
		<GeneralSite expend="true" display="Przydatne strony" infotip="Strony które pomogą w wielu sprawach">
			<pj type="url" value="http://www.pajacyk.pl/" display="Pajacyk.pl" infotip="Nakarm głodne dziecko!"/>
			<tv type="url" value="http://www.tv.wp.pl/" display="Program TV" infotip="Program Telewizyjny, co, gdzie, kiedy?"/>
                        <fw type="url" value="http://www.filmweb.pl/" display="FilmWeb.pl" infotip="Filmy! Opisy, recenzje, komentarze..."/>
                        <fo type="url" value="http://www.film.onet.pl/" display="Film.Onet.pl" infotip="Wszystko o filmach i nietylko..."/>
                        <fw type="url" value="http://www.imdb.com/" display="IMDB Strona Filmowa" infotip="Informacje o filmach z całego świata - język angielski"/>
                        <fw type="url" value="http://www.asiandb.com/" display="AsianDB Strona Filmowa" infotip="Informacje o filmach Azjatyckich - język angielski"/>
                        <ni type="url" value="http://www.napisy.info/" display="Napisy.info" infotip="Najlepsza strona z napisami do filmów i seriali"/>
                        <no type="url" value="http://www.napisy.org/" display="Napisy.org" infotip="Napisy do filmów i seriali"/>
                        <ls type="url" value="http://www.livescore.com/" display="Zakłady Bukmacherskie" infotip="Wyniki meczów dla prawdziwych fanów oraz graczy! "/>
		</GeneralSite>
		<HomePage type="url" value="http://www.bitcomet.com/" display="Strona domowa BitCometa" infotip="Nowe wersje BitCometa, wsparcie techniczne">
			<BitCometHomePage type="url" value="http://www.bitcomet.com/" display="Strona domowa BitCometa" />
			<BitCometForums type="url" value="http://bitcomet.p2pforums.com/" display="Forum BitCometa" />
		</HomePage>
	</Favourite>
</BitComet>

