﻿<?xml version="1.0" encoding="utf-8"?>
<BitComet Author="RnySmile" Version="0.1">
	<Favourite>
		<Games expend="true" type="url" value="http://www.txwy.com/?bcl"  display="网页游戏" infotip="无需客户端，彗星通行证直接登录">
		<Mdbchina type="url" value="http://ww2.txwy.com/?bcl" display=" 二战总动员" infotip="封闭内测"/>
			<Mdbchina type="url" value="http://tf.txwy.com/?fuid=fa_jqrdz_bcl" display=" 机器人大战" infotip="首款机甲类网页游戏"/>
			<Mdbchina type="url" value="http://sxd.txwy.com/?bcl" display=" 神仙道" infotip="彗星神仙道"/>
			<Mdbchina type="url" value="http://bl.txwy.com/?bcl" display=" 兵临城下" infotip="彗星兵临城下"/>
			<Mdbchina type="url" value="http://bto.txwy.com/?bcl" display=" 商业大亨" infotip="彗星兵临城下"/>
			<Mdbchina type="url" value="http://tdyx.txwy.com/?bcl" display=" 天地英雄" infotip="彗星天地英雄"/>
		</Games>		
		<pk1 type="url" value="http://down.52pk.com/xiazai/pcgame.shtml?f52pkf=bitcomet" display="单机游戏" infotip="单机游戏下载"/>
		<pk2 type="url" value="http://down.52pk.com/?f52pkf=bitcomet" display="网络游戏" infotip="热门网络游戏"/>
	</Favourite>
	<SearchToolbar>
		<s title="游戏" link="http://down.52pk.com/?f52pkf=bitcomet" html="http://down.52pk.com/plus/search.php?f52pkf=bitcomet&amp;charset=utf8&amp;keyword=${QUERY}" />
		<s title="软件" link="http://www.jprj.com/" html="http://www.jprj.com/ruanjian_sousuo/?tn=bctop&amp;q=${QUERY}" />
	</SearchToolbar>
</BitComet>