<?xml version="1.0"?>
<BitComet Author="RnySmile" Version="0.1">
	<Favourite>
		<Item name="Favourite Demo" icon="http://update.bitcomet.com/bitcomet/channel/demo.gif" url="http://update.bitcomet.com/bitcomet/channel/demo_en_us.xml" infotip="Favourite Demo"/>
	</Favourite>
	<!--  Catalog disp_name and infotip translation located in lang_xx_yy.xml -->
	<Catalog>
		<Movie type="catalog" display="Video" infotip="Movie">
			<MovieTV type="catalog" display="TV Series" infotip="TV Series"/>
			<MovieSport type="catalog" display="Sport" infotip="Sport"/>
		</Movie>
		<Anime type="catalog" display="Anime" infotip="Anime">
			<AnimeBook type="catalog" display="AnimeBook" infotip="AnimeBook"/>
		</Anime>
		<Game type="catalog" display="Game" infotip="PC Game">
			<GameTV type="catalog" display="TV Game" infotip="PS2、XBOX"/>
		</Game>
		<Music type="catalog" display="Music" infotip="Music"/>
		<Software type="catalog" display="Software" infotip="Software"/>
		<Other type="catalog" display="Other" infotip="Other"/>
	</Catalog>
</BitComet>
