<?xml version="1.0" encoding="utf-8"?>
<BitComet Author="RnySmile" Version="0.1">
	<Favourite>
		<WebSite expend="true" display="Torrent Sites" infotip="Browse Torrents Sites...">
			
			<torrents type="url" value="http://www.atcomet.com/topic_p/torrent/?bcl" display="Toplist of Torrent Sites" infotip="Toplist of Torrent Sites" />
			<torrents type="url" value="http://www.atcomet.com/url_view/www.torrentroom.com/" display="TorrentRoom" infotip="" />
			<torrents type="url" value="http://www.atcomet.com/url_view/www.torrentbar.com/" display="TorrentBar" infotip="" />			
			<torrents type="url" value="http://www.atcomet.com/url_view/www.mininova.org/" display="mininova" infotip="" />
			<torrents type="url" value="http://www.atcomet.com/url_view/www.thepiratebay.org/browse/" display="ThePirateBay" infotip="" />
			<torrents type="url" value="http://www.atcomet.com/url_view/www.utorrentportal.org/" display="utorrentportal" infotip="utorrentportal" />
			<torrents type="url" value="http://www.atcomet.com/url_view/www.torrentreactor.net/" display="Torrent Reactor" infotip="Torrent Reactor" />
			<torrents type="url" value="http://www.atcomet.com/url_view/www.demonoid.com/" display="Demonoid" infotip="Demonoid" />
			<torrents type="url" value="http://www.atcomet.com/url_view/btjunkie.org/" display="BTjunkie" infotip="BTjunkie" />
			<torrents type="url" value="http://www.atcomet.com/url_view/www.sumotorrent.com/" display="SumoTorrent" infotip="SumoTorrent" />
			<torrents type="url" value="http://www.atcomet.com/url_view/btmon.com/" display="BitTorrentMonster" infotip="BitTorrentMonster" />
			<torrents type="url" value="http://www.atcomet.com/url_view/torrentportal.com/" display="Torrent Portal" infotip="Torrent Portal" />
			<torrents type="url" value="http://www.atcomet.com/url_view/www.torrentz.com/" display="Torrentz" infotip="" />
			<torrents type="url" value="http://www.atcomet.com/url_view/www.isohunt.com/" display="IsoHunt" infotip="" />
		</WebSite>
		<Games expend="true" display="Free Online Games" infotip="Free Online Games">
			<game type="url" value="http://tf.playcomet.com/?bcl" display="TransForce" infotip="Free Online Games" />
			<game type="url" value="http://ww2.playcomet.com/?bcl" display="WWII Warfare" infotip="Free Online Games" />
			<game type="url" value="http://ww2a.playcomet.com/?bcl" display="WWII Assembly" infotip="Free Online Games" />
			<game type="url" value="http://mwo.playcomet.com/?bcl" display="Magic World Online" infotip="Free Online Games" />
		</Games>
	</Favourite>
	<SearchToolbar>
		<TorrentRoom title="ThePirateBay" link="http://www.atcomet.com/url_view/www.thepiratebay.org" html="http://www.bitcomet.com/client/redir/?http://thepiratebay.org//search/${QUERY}" />
		<TorrentRoom title="TorrentRoom" link="http://www.atcomet.com/url_view/www.torrentroom.com" html="http://www.bitcomet.com/client/redir/?http://www.torrentroom.com/search?client=bitcomet&amp;k=${QUERY}" />
		<torrentbar title="Torrentbar" link="http://www.atcomet.com/url_view/www.torrentbar.com" html="http://www.bitcomet.com/client/redir/?http://www.torrentbar.com/query.html?client=bitcomet&amp;k=${QUERY}" />
		<Zoozle title="utorrentportal" link="http://www.atcomet.com/url_view/www.utorrentportal.org" html="http://www.bitcomet.com/client/redir/?http://www.utorrentportal.org/search.php?client=bitcomet&amp;site=2008425111142&amp;keyword=${QUERY}" />
		<TorrentRoom title="Torrentz" link="http://www.atcomet.com/url_view/www.torrentz.com" html="http://www.bitcomet.com/client/redir/?http://www.torrentz.com/search?client=bitcomet&amp;q=${QUERY}" />
		<TorrentRoom title="IsoHunt" link="http://www.atcomet.com/url_view/www.isohunt.com" html="http://www.bitcomet.com/client/redir/?http://www.isohunt.com/torrents/?client=bitcomet&amp;ihq=${QUERY}" />
	</SearchToolbar>
</BitComet>
