﻿<?xml version="1.0" encoding="utf-8"?>
<BTSimple Author="RnySmile" Version="0.1">
	<LeftTree>
		<Settings display="哈哈">
			<LanguageFile infotip="OOOOO!" type="string" value="Lans" display="哦哈哈"/>
			<ListenPosdfdsfdsrt type="int" value="807378937249873327493"/>
		</Settings>
		<BTSites display="噢噢">
			<DCFans infotip="Wooo!" type="url" value="http://dcfans.3322.org/"/>
			<Gamesir infotip="Mmm!" type="url" value="http://bt.gamesir.com/"/>
		</BTSites>
	</LeftTree>
	<StatusLeftTree>
		<Abstract infotip="显示Torrent下载情况摘要" display="摘要" type="view" value="Abstract"/>
		<FileList infotip="显示文件列表" display="文件列表" type="view" value="FileList"/>
		<PeerList infotip="显示Peer列表" display="Peer列表" type="view" value="PeerList"/>
		<Log infotip="显示日志" display="日志" type="view" value="Log"/>
		<Statistic infotip="统计信息" display="全局统计" type="view" value="Statistic"/>
	</StatusLeftTree>
	<TorrentList>
		<a align="left" infotip="" size="140">状态</a>
		<a align="left" infotip="" size="150">名称</a>
		<a align="right" infotip="" size="50">大小</a>
		<a align="right" infotip="" size="46">完成率</a>
		<a align="right" infotip="" size="70">剩余时间</a>
		<a align="right" infotip="" size="54">下载速度</a>
		<a align="right" infotip="" size="55">上传速度</a>
		<a align="right" infotip="" size="48">连接种子(总共种子)</a>
		<a align="right" infotip="" size="54">连接用户(总共用户)</a>
		<a align="left" infotip="" size="200">保存路径</a>
		<a align="left" infotip="" size="200">信息</a>
	</TorrentList>
	<TorrentListPopUp>
		<a>开始(Start)</a>
		<a>停止(Stop)</a>
		<a>暂停(Pause)</a>
		<a>继续(Resume)</a>
		<a>删除(Delete)</a>
	</TorrentListPopUp>
	<StatusList>
		<Abstract>
			<a align="left" infotip="" name="" size="156">项目</a>
			<a align="left" infotip="" name="" size="507">值</a>
		</Abstract>
		<FileList>
			<a align="right" infotip="" size="50">完成</a>
			<a align="left" infotip="" size="200">文件名</a>
			<a align="right" infotip="" size="100">大小</a>
			<a align="left" infotip="" size="50">打开方式</a>
		</FileList>
		<PeerList>
			<a align="left" infotip="" size="30">连接来自</a>
			<a align="left" infotip="" size="120">IP</a>
			<a align="right" infotip="" size="50">完成率</a>
			<a align="right" infotip="" size="60">下载速度</a>
			<a align="right" infotip="" size="60">上传速度</a>
			<a align="right" infotip="" size="60">下载字节</a>
			<a align="right" infotip="" size="60">上传字节</a>
			<a align="right" infotip="" size="15">Choke(下载被对方阻塞)</a>
			<a align="right" infotip="" size="15">IChoke(上传被自己阻塞)</a>
			<a align="right" infotip="" size="15">Interest(对方对自己感兴趣)</a>
			<a align="right" infotip="" size="15">IInterest(自己对对方感兴趣)</a>
			<a align="right" infotip="" size="60">对方总下载速度</a>
			<a align="right" infotip="" size="80">版本</a>
			<a align="right" infotip="" size="15">错误</a>
			<a align="right" infotip="" size="96">状态</a>
		</PeerList>
		<Log>
			<a align="left" infotip="" size="500">日志</a>
		</Log>
		<Statistic>
			<a align="left" infotip="" size="70">项目</a>
			<a align="left" infotip="" size="400">值</a>
		</Statistic>
	</StatusList>
</BTSimple>
